Workbook

Sheet Data2026
A1: Affiliate Name | B1: Date | C1: Deal Type | D1: Affiliate Name | E1: Partner | F1: Payment Date | G1: Cost | H1: Status | I1: Source | J1: Starting date | K1: End Date | L1: Comments
A2: webopedia1 | B2: 46143 | C2: Listing | D2: webopedia1 | E2: Giorgi_Ts | H2: ongoing | I2: SEO | J2: 46143 | K2: 46234
A3: vetzx11 | B3: 46143 | C3: Fixed | D3: vetzx11 | E3: Giorgi_Ts | H3: ongoing | I3: SEO | J3: 46143 | K3: 46234
A4: top100book | B4: 46143 | C4: Listing | D4: top100book | E4: Giorgi_Ts | H4: ongoing | I4: SEO | J4: 46143 | K4: 46234
A5: cryptoCCN1 | B5: 46143 | C5: Listing | D5: cryptoCCN1 | E5: Giorgi_Ts | H5: Ongoing | I5: SEO | J5: 46143 | K5: 46234
A6: Atommal | B6: 46143 | C6: Listing | D6: Atommal | E6: Giorgi_Ts | H6: Ongoing | I6: SEO | J6: 46143 | K6: 46234
A7: Atanasos86 | B7: 46143 | C7: Listing | D7: Atanasos86 | E7: Giorgi_Ts | H7: Ongoing | I7: SEO | J7: 46143 | K7: 46234 | L7: Boosted
A8: BestCryptoCasino | B8: 46038 | C8: Listing | D8: BestCryptoCasino | E8: Elene_Gh | F8: 46038 | G8: 600 | H8: =IF(TODAY()>K8,"Finished",IF(TODAY()<J8,"Not Started","Ongoing")) -> Finished | I8: SEO | J8: 46038 | K8: 46068
A9: SBGC | B9: 46053 | C9: Listing | D9: SBGC | E9: Ani_S | F9: 46053 | G9: 5870 | H9: =IF(TODAY()>K9,"Finished",IF(TODAY()<J9,"Not Started","Ongoing")) -> Finished | I9: SEO | J9: 46023 | K9: 46053
A10: Coincodex | B10: 46053 | C10: Listing | D10: Coincodex | E10: Nugi | F10: 46053 | G10: 4193 | H10: =IF(TODAY()>K10,"Finished",IF(TODAY()<J10,"Not Started","Ongoing")) -> Finished | I10: SEO | J10: 46053 | K10: 46083 | L10: ეს ჩემი გადახდილი არ არის და არ ვიცი დაწყების და დამტავრების დღეები (Nigu, Iva)
A11: toprangemain | B11: 46077 | C11: Fixed | D11: toprangemain | E11: Nugi | F11: 46077 | G11: 2500 | H11: =IF(TODAY()>K11,"Finished",IF(TODAY()<J11,"Not Started","Ongoing")) -> Finished | I11: Meta | J11: 46077 | K11: 46107 | L11: არც ესაა ჩემი გადახდილი (Nugi)
A12: toprangemain | B12: 46077 | C12: Fixed | D12: toprangemain | E12: Nini_B | F12: 46077 | G12: 2500 | H12: =IF(TODAY()>K12,"Finished",IF(TODAY()<J12,"Not Started","Ongoing")) -> Finished | I12: Meta | J12: 46077 | K12: 46107
A13: profithunters | B13: 46077 | C13: Fixed | D13: profithunters | E13: Nugi | F13: 46077 | G13: 5518.58 | H13: =IF(TODAY()>K13,"Finished",IF(TODAY()<J13,"Not Started","Ongoing")) -> Finished | I13: Meta | J13: 46077 | K13: 46107 | L13: არაა ჩემი გადახდილი (Nugi)
A14: Firelink | B14: 46077 | C14: Fixed | D14: Firelink | E14: Nugi | F14: 46077 | G14: 889.98 | H14: =IF(TODAY()>K14,"Finished",IF(TODAY()<J14,"Not Started","Ongoing")) -> Finished | I14: SEO | J14: 46077 | K14: 46107
A15: Firelink | B15: 46077 | C15: Fixed | D15: Firelink | E15: Nugi | F15: 46077 | G15: 889.98 | H15: =IF(TODAY()>K15,"Finished",IF(TODAY()<J15,"Not Started","Ongoing")) -> Finished | I15: SEO | J15: 46077 | K15: 46107
A16: SBGC | B16: 46081 | C16: Fixed | D16: SBGC | E16: Ani_S | F16: 46081 | G16: 30156.21 | H16: =IF(TODAY()>K16,"Finished",IF(TODAY()<J16,"Not Started","Ongoing")) -> Finished | I16: SEO | J16: 46082 | K16: 46203
A17: coincodex | B17: 46081 | C17: Fixed | D17: coincodex | E17: Nini_B | F17: 46081 | G17: 8586.6 | H17: =IF(TODAY()>K17,"Finished",IF(TODAY()<J17,"Not Started","Ongoing")) -> Finished | I17: SEO | J17: 46081 | K17: 46111
A18: rocketlink | B18: 46082 | C18: Fixed | D18: rocketlink | E18: Nugi | F18: 46082 | G18: 1500 | H18: =IF(TODAY()>K18,"Finished",IF(TODAY()<J18,"Not Started","Ongoing")) -> Finished | I18: SEO | J18: 46082 | K18: 46112
A19: bwisemedia | B19: 46085 | C19: Fixed | D19: bwisemedia | E19: Elene_Gh | F19: 46085 | G19: 3062.32 | H19: =IF(TODAY()>K19,"Finished",IF(TODAY()<J19,"Not Started","Ongoing")) -> Finished | I19: DSP | J19: 46085 | K19: 46115
A20: andriiparfenov1 | B20: 46091 | C20: CPA | D20: andriiparfenov1 | E20: Elene_Gh | F20: 46091 | G20: 400 | H20: =IF(TODAY()>K20,"Finished",IF(TODAY()<J20,"Not Started","Ongoing")) -> Finished | I20: SEO | J20: 46091 | K20: 46121
A21: DappCentre | B21: 46093 | C21: Fixed | D21: DappCentre | E21: Nini_B | F21: 46093 | G21: 1423.29 | H21: =IF(TODAY()>K21,"Finished",IF(TODAY()<J21,"Not Started","Ongoing")) -> Finished | I21: Influence | J21: 46093 | K21: 46213 | L21: end date შევცვალე (2 კამპანია მქონდა მთლიანობაში)
A22: Ricardoc24 | B22: 46094 | C22: Fixed | D22: Ricardoc24 | E22: Nini_B | F22: 46094 | H22: =IF(TODAY()>K22,"Finished",IF(TODAY()<J22,"Not Started","Ongoing")) -> Finished | I22: Influence | J22: 46094 | K22: 46124
A23: Valek | B23: 46094 | C23: Fixed | D23: Valek | E23: Nini_B | F23: 46094 | G23: 2700.59 | H23: =IF(TODAY()>K23,"Finished",IF(TODAY()<J23,"Not Started","Ongoing")) -> Finished | I23: Influence | J23: 46094 | K23: 46124
A24: trimics2 | B24: 46094 | C24: Fixed | D24: trimics2 | E24: Nini_B | F24: 46094 | G24: 3479.61 | H24: =IF(TODAY()>K24,"Finished",IF(TODAY()<J24,"Not Started","Ongoing")) -> Finished | I24: Influence | J24: 46094 | K24: 46124
A25: bboladin26 | B25: 46094 | C25: Fixed | D25: bboladin26 | E25: Nini_B | F25: 46094 | H25: =IF(TODAY()>K25,"Finished",IF(TODAY()<J25,"Not Started","Ongoing")) -> Finished | I25: Influence | J25: 46094 | K25: 46124
A26: Mavaads | B26: 46098 | C26: Fixed | D26: Mavaads | E26: Nugi | F26: 46098 | G26: 11000 | H26: =IF(TODAY()>K26,"Finished",IF(TODAY()<J26,"Not Started","Ongoing")) -> Finished | I26: PPC | J26: 46098 | K26: 46128
A27: migzparcerias | B27: 46099 | C27: Fixed | D27: migzparcerias | E27: Nini_B | F27: 27/06/2026 | G27: 30850 | H27: =IF(TODAY()>K27,"Finished",IF(TODAY()<J27,"Not Started","Ongoing")) -> Finished | I27: Influence | J27: 46099 | K27: 46209 | L27: end date შევცვალე
A28: MrBooster | B28: 46100 | C28: Fixed | D28: MrBooster | E28: Nini_B | F28: 46100 | G28: 1663.78 | H28: =IF(TODAY()>K28,"Finished",IF(TODAY()<J28,"Not Started","Ongoing")) -> Finished | I28: Influence | J28: 46100 | K28: 46130
A29: SharkLink | B29: 46105 | C29: CPA | D29: SharkLink | E29: Nini_B | F29: 46105 | G29: 14492.91 | H29: =IF(TODAY()>K29,"Finished",IF(TODAY()<J29,"Not Started","Ongoing")) -> Finished | I29: Meta | J29: 46097 | K29: 46129
A30: moneturn | B30: 46106 | C30: Fixed | D30: moneturn | E30: Elene_Gh | F30: 46106 | G30: 1000 | H30: =IF(TODAY()>K30,"Finished",IF(TODAY()<J30,"Not Started","Ongoing")) -> Finished | I30: SEO | J30: 46097 | K30: 46129
A31: MightyCasino | B31: 46108 | C31: Fixed | D31: MightyCasino | E31: Nini_B | F31: 46108 | G31: 300 | H31: =IF(TODAY()>K31,"Finished",IF(TODAY()<J31,"Not Started","Ongoing")) -> Finished | I31: SEO | J31: 46097 | K31: 46129
A32: VALECHOBERK | B32: 46119 | C32: Fixed | D32: VALECHOBERK | E32: Nini_B | F32: 46119 | G32: 900 | H32: =IF(TODAY()>K32,"Finished",IF(TODAY()<J32,"Not Started","Ongoing")) -> Finished | I32: Influence | J32: 46130 | K32: 46145
A33: Rayconeta | B33: 46120 | C33: Fixed | D33: Rayconeta | E33: Elene_Gh | F33: 46120 | G33: 2708.04 | H33: =IF(TODAY()>K33,"Finished",IF(TODAY()<J33,"Not Started","Ongoing")) -> Finished | I33: Influence | J33: 46121 | K33: 46141
A34: seobroCA | B34: 46120 | C34: Fixed | D34: seobroCA | E34: Nini_B | F34: 46120 | G34: 2000 | H34: =IF(TODAY()>K34,"Finished",IF(TODAY()<J34,"Not Started","Ongoing")) -> Finished | I34: SEO | J34: 46143 | K34: 46173
A35: seobroCA | B35: 46120 | C35: Fixed | D35: seobroCA | E35: Nini_B | F35: 46120 | G35: 2000 | H35: =IF(TODAY()>K35,"Finished",IF(TODAY()<J35,"Not Started","Ongoing")) -> Finished | I35: SEO | J35: 46143 | K35: 46173
A36: ZnakiNL | B36: 46122 | C36: Fixed | D36: ZnakiNL | E36: Elene_Gh | F36: 46122 | G36: 800 | H36: =IF(TODAY()>K36,"Finished",IF(TODAY()<J36,"Not Started","Ongoing")) -> Finished | I36: SEO | J36: 46128 | K36: 46142
A37: totisuedd | B37: 46128 | C37: Fixed | D37: totisuedd | E37: Elene_Gh | F37: 46128 | G37: 679.93 | H37: =IF(TODAY()>K37,"Finished",IF(TODAY()<J37,"Not Started","Ongoing")) -> Finished | I37: Influence | J37: 46129 | K37: 46140
A38: Zukwaan | B38: 46129 | C38: Fixed | D38: Zukwaan | E38: Elene_Gh | F38: 46129 | G38: 382.1 | H38: =IF(TODAY()>K38,"Finished",IF(TODAY()<J38,"Not Started","Ongoing")) -> Finished | I38: Influence | J38: 46131 | K38: 46131
A39: vkngaffiliates | B39: 46135 | C39: Fixed | D39: vkngaffiliates | E39: Nini_B | F39: 46135 | G39: 372.34 | H39: =IF(TODAY()>K39,"Finished",IF(TODAY()<J39,"Not Started","Ongoing")) -> Finished | I39: Influence | J39: 46139 | K39: 46145
... A45: SAIDIteam | B45: 46139 | C45: Fixed | D45: SAIDIteam | E45: Nini_B | F45: 46139 | G45: 5000.86 | H45: =IF(TODAY()>K45,"Finished",IF(TODAY()<J45,"Not Started","Ongoing")) -> Finished | I45: Influence | J45: 46157 | K45: 46174
A46: Cybertribe | B46: 46140 | C46: Fixed | D46: Cybertribe | E46: Nini_B | F46: 46140 | G46: =13840+6250 -> 20090 | H46: Finished | I46: Influence | J46: 46113 | K46: 46173
A47: Cybertribe | B47: 46174 | C47: Fixed | D47: Cybertribe | E47: Nini_B | F47: 46327 | G47: 20383.4 | H47: Ongoing | I47: Influence | J47: 46174 | K47: 46356 | L47: ეს ორ კამპანიად უნდა იყოს ჩაშლილი, და მთლიანობაში 40კ მაქვს გადახდილი და ისევ გრძელდება კამპანია
A48: Upshiftmedia | B48: 46141 | C48: Fixed | D48: Upshiftmedia | E48: Nini_B | F48: 46141 | G48: 4000 | H48: =IF(TODAY()>K48,"Finished",IF(TODAY()<J48,"Not Started","Ongoing")) -> Finished | I48: SEO | J48: 46143 | K48: 46174
A49: kasper12345 | B49: 46141 | C49: Fixed | D49: kasper12345 | E49: Elene_Gh | F49: 46141 | G49: 3000 | H49: =IF(TODAY()>K49,"Finished",IF(TODAY()<J49,"Not Started","Ongoing")) -> Finished | I49: SEO | J49: 46141 | K49: 46171
A50: PlayPartners | B50: 46141 | C50: CPA | D50: PlayPartners | E50: Nini_B | F50: 46141 | G50: 1650 | H50: =IF(TODAY()>K50,"Finished",IF(TODAY()<J50,"Not Started","Ongoing")) -> Finished | I50: Meta | J50: 46078 | K50: 46120
A51: PlayPartners | B51: 46141 | C51: CPA | D51: PlayPartners | E51: Nini_B | F51: 46141 | G51: 1650 | H51: =IF(TODAY()>K51,"Finished",IF(TODAY()<J51,"Not Started","Ongoing")) -> Finished | I51: Meta | J51: 46078 | K51: 46120
A52: glcanada | B52: 46142 | C52: Fixed | D52: glcanada | E52: Elene_Gh | F52: 46142 | G52: 3500 | H52: =IF(TODAY()>K52,"Finished",IF(TODAY()<J52,"Not Started","Ongoing")) -> Finished | I52: SEO | J52: 46143 | K52: 46203
A53: glcanada | B53: 46142 | C53: Fixed | D53: glcanada | E53: Elene_Gh | F53: 46142 | G53: 3500 | H53: =IF(TODAY()>K53,"Finished",IF(TODAY()<J53,"Not Started","Ongoing")) -> Finished | I53: SEO | J53: 46143 | K53: 46203
A54: Bbasher | B54: 46142 | C54: Fixed | D54: Bbasher | E54: Nini_B | F54: 46142 | G54: 17000 | H54: Ongoing | I54: Influence | J54: 46157 | K54: 46249 | L54: ongoing კამპანიაა, 7კ რომელიც გადავიხადეთ UFC ისთვის დავამატეთ ამ კამპანიას, 500- ინფლუენსერს დავუმატეთ, 1000 სააგენტოს და 5500 დავამატეთ და 6 სტრიმს გააკეთებს კიდე.
A55: clickelevate | B55: 46142 | C55: Fixed | D55: clickelevate | E55: Giorgi_Ts | F55: 46142 | G55: 1666.66 | H55: =IF(TODAY()>K55,"Finished",IF(TODAY()<J55,"Not Started","Ongoing")) -> Finished | I55: SEO | J55: 46143 | K55: 42521
A56: clickelevate | B56: 46142 | C56: Fixed | D56: clickelevate | E56: Giorgi_Ts | F56: 46142 | G56: 1666.67 | H56: =IF(TODAY()>K56,"Finished",IF(TODAY()<J56,"Not Started","Ongoing")) -> Finished | I56: SEO | J56: 46143 | K56: 42521
A57: clickelevate | B57: 46142 | C57: Fixed | D57: clickelevate | E57: Giorgi_Ts | F57: 46142 | G57: 1666.67 | H57: =IF(TODAY()>K57,"Finished",IF(TODAY()<J57,"Not Started","Ongoing")) -> Finished | I57: SEO | J57: 46143 | K57: 42521
A58: occc | B58: 46142 | C58: Fixed | D58: occc | E58: Giorgi_Ts | F58: 46142 | G58: 1894.46 | H58: =IF(TODAY()>K58,"Finished",IF(TODAY()<J58,"Not Started","Ongoing")) -> Finished | I58: SEO | J58: 46143 | K58: 46203
A59: occc | B59: 46142 | C59: Fixed | D59: occc | E59: Giorgi_Ts | F59: 46142 | G59: 1894.46 | H59: =IF(TODAY()>K59,"Finished",IF(TODAY()<J59,"Not Started","Ongoing")) -> Finished | I59: SEO | J59: 46143 | K59: 46203
A60: occc | B60: 46142 | C60: Fixed | D60: occc | E60: Giorgi_Ts | F60: 46142 | G60: 1894.46 | H60: =IF(TODAY()>K60,"Finished",IF(TODAY()<J60,"Not Started","Ongoing")) -> Finished | I60: SEO | J60: 46143 | K60: 46203
A61: occc | B61: 46142 | C61: Fixed | D61: occc | E61: Giorgi_Ts | F61: 46142 | G61: 1894.46 | H61: =IF(TODAY()>K61,"Finished",IF(TODAY()<J61,"Not Started","Ongoing")) -> Finished | I61: SEO | J61: 46143 | K61: 46203
A62: clickid | B62: 46142 | C62: Fixed | D62: clickid | E62: Elene_Gh | F62: 46142 | G62: 885 | H62: =IF(TODAY()>K62,"Finished",IF(TODAY()<J62,"Not Started","Ongoing")) -> Finished | I62: Meta | J62: 46107 | K62: 46138
A63: clickid | B63: 46142 | C63: Fixed | D63: clickid | E63: Elene_Gh | F63: 46142 | G63: 885 | H63: =IF(TODAY()>K63,"Finished",IF(TODAY()<J63,"Not Started","Ongoing")) -> Finished | I63: Meta | J63: 46107 | K63: 46138
A64: maryturbotraffic | B64: 46142 | C64: CPA | D64: maryturbotraffic | E64: Nini_B | F64: 46142 | G64: 1500 | H64: =IF(TODAY()>K64,"Finished",IF(TODAY()<J64,"Not Started","Ongoing")) -> Finished | I64: Meta | J64: 46121 | K64: 46156
A65: SharkLink | B65: 46142 | C65: CPA | D65: SharkLink | E65: Nini_B | F65: 46142 | G65: 950 | H65: =IF(TODAY()>K65,"Finished",IF(TODAY()<J65,"Not Started","Ongoing")) -> Finished | I65: Meta | J65: 46097 | K65: 46129
A66: SharkLink | B66: 46142 | C66: CPA | D66: SharkLink | E66: Nini_B | F66: 46142 | G66: 950 | H66: =IF(TODAY()>K66,"Finished",IF(TODAY()<J66,"Not Started","Ongoing")) -> Finished | I66: Meta | J66: 46097 | K66: 46129
... A68: VALECHOBERK | B68: 46142 | C68: Fixed | D68: VALECHOBERK | E68: Nini_B | F68: 46142 | G68: 2700 | H68: =IF(TODAY()>K68,"Finished",IF(TODAY()<J68,"Not Started","Ongoing")) -> Finished | I68: Influence | J68: 46130 | K68: 46145
A69: fbpromowebteam | B69: 46143 | C69: Fixed | D69: fbpromowebteam | E69: Elene_Gh | F69: 46143 | G69: 879.82 | H69: =IF(TODAY()>K69,"Finished",IF(TODAY()<J69,"Not Started","Ongoing")) -> Finished | I69: Meta | J69: 46143 | K69: 46173 | L69: 1050
A70: AcePartners2 | B70: 46147 | C70: CPA | D70: AcePartners2 | E70: Nini_B | F70: 46147 | G70: 1280.95 | H70: =IF(TODAY()>K70,"Finished",IF(TODAY()<J70,"Not Started","Ongoing")) -> Finished | I70: Meta | J70: 46128 | K70: 46140
A71: SaltySpins | B71: 46148 | C71: Fixed | D71: SaltySpins | E71: Elene_Gh | F71: 46148 | G71: 256.68 | H71: =IF(TODAY()>K71,"Finished",IF(TODAY()<J71,"Not Started","Ongoing")) -> Finished | I71: Influence | J71: 46149 | K71: 46161
A72: speedfps1 | B72: 46148 | C72: Fixed | D72: speedfps1 | E72: Elene_Gh | F72: 46148 | G72: 2815.65 | H72: =IF(TODAY()>K72,"Finished",IF(TODAY()<J72,"Not Started","Ongoing")) -> Finished | I72: Influence | J72: 46149 | K72: 46173
A73: bennyparcerias | B73: 46149 | C73: Fixed | D73: bennyparcerias | E73: Nini_B | F73: 46149 | G73: 4000 | H73: =IF(TODAY()>K73,"Finished",IF(TODAY()<J73,"Not Started","Ongoing")) -> Finished | I73: Influence | J73: 46160 | K73: 46173
A74: worldyt | B74: 46149 | C74: Fixed | D74: worldyt | E74: Nini_B | F74: 46149 | G74: 4000 | H74: =IF(TODAY()>K74,"Finished",IF(TODAY()<J74,"Not Started","Ongoing")) -> Finished | I74: Influence | J74: 46160 | K74: 46173
A75: jonbossparcerias | B75: 46149 | C75: Fixed | D75: jonbossparcerias | E75: Nini_B | F75: 46149 | G75: 2125 | H75: =IF(TODAY()>K75,"Finished",IF(TODAY()<J75,"Not Started","Ongoing")) -> Finished | I75: Influence | J75: 46149 | K75: 46173
A76: Ethanx | B76: 46150 | C76: Fixed | D76: Ethanx | E76: Elene_Gh | F76: 46150 | G76: 594.67 | H76: =IF(TODAY()>K76,"Finished",IF(TODAY()<J76,"Not Started","Ongoing")) -> Finished | I76: Influence | J76: 46149 | K76: 46161
A77: moobslots | B77: 46150 | C77: Fixed | D77: moobslots | E77: Nini_B | F77: 46150 | G77: 7500 | H77: =IF(TODAY()>K77,"Finished",IF(TODAY()<J77,"Not Started","Ongoing")) -> Finished | I77: Influence | J77: 46152 | K77: 46167
A78: nightmarevc | B78: 46153 | C78: Fixed | D78: nightmarevc | E78: Nini_B | F78: 46153 | G78: 1759.75 | H78: =IF(TODAY()>K78,"Finished",IF(TODAY()<J78,"Not Started","Ongoing")) -> Finished | I78: Influence | J78: 46167 | K78: 46204
A79: hstjorven | B79: 46153 | C79: Fixed | D79: hstjorven | E79: Nini_B | F79: 46153 | G79: 1759.75 | H79: =IF(TODAY()>K79,"Finished",IF(TODAY()<J79,"Not Started","Ongoing")) -> Finished | I79: Influence | J79: 46167 | K79: 46204
A80: OnePartners | B80: 46156 | C80: Fixed | D80: OnePartners | E80: Elene_Gh | F80: 46156 | G80: 1646.67 | H80: =IF(TODAY()>K80,"Finished",IF(TODAY()<J80,"Not Started","Ongoing")) -> Finished | I80: Meta | J80: 46111 | K80: 46127
A81: OnePartners | B81: 46156 | C81: Fixed | D81: OnePartners | E81: Elene_Gh | F81: 46156 | G81: 1646.67 | H81: =IF(TODAY()>K81,"Finished",IF(TODAY()<J81,"Not Started","Ongoing")) -> Finished | I81: Meta | J81: 46111 | K81: 46127
... A90: Timba | B90: 46175 | C90: Fixed | D90: Timba | E90: Elene_Gh | F90: 46175 | G90: 2189.06 | H90: =IF(TODAY()>K90,"Finished",IF(TODAY()<J90,"Not Started","Ongoing")) -> Finished | I90: Influence | J90: 46174 | K90: 46203
A91: Baldu | B91: 46175 | C91: Fixed | D91: Baldu | E91: Ani_S | F91: 46175 | G91: 686.9 | H91: Scammer | I91: Influence | J91: 46174 | K91: 46203
A92: Emaaslots | B92: 46175 | C92: Fixed | D92: Emaaslots | E92: Elene_Gh | F92: 46175 | G92: 429.35 | H92: =IF(TODAY()>K92,"Finished",IF(TODAY()<J92,"Not Started","Ongoing")) -> Finished | I92: Influence | J92: 46174 | K92: 46203
A93: MasterAffNetwork7640 | B93: 46176 | C93: Fixed | D93: MasterAffNetwork7640 | E93: Elene_Gh | F93: 46176 | G93: -1.15 | H93: =IF(TODAY()>K93,"Finished",IF(TODAY()<J93,"Not Started","Ongoing")) -> Finished | I93: Influence | J93: 46174 | K93: 46203 | L93: Refunded
A94: thelootcompany | B94: 46176 | C94: Fixed | D94: thelootcompany | E94: Ani_S | F94: 46176 | G94: 950 | H94: =IF(TODAY()>K94,"Finished",IF(TODAY()<J94,"Not Started","Ongoing")) -> Finished | I94: SEO | J94: 46174 | K94: 46203
A95: barkkzzcs | B95: 46177 | C95: Fixed | D95: barkkzzcs | E95: Elene_Gh | F95: 46177 | G95: 580.67 | H95: =IF(TODAY()>K95,"Finished",IF(TODAY()<J95,"Not Started","Ongoing")) -> Finished | I95: Influence | J95: 46174 | K95: 46203
A96: tribunadigital | B96: 46181 | C96: Fixed | D96: tribunadigital | E96: Nini_B | F96: 46181 | G96: 1650 | H96: =IF(TODAY()>K96,"Finished",IF(TODAY()<J96,"Not Started","Ongoing")) -> Finished | I96: SEO | J96: 46188 | K96: 46227 | L96: end date შევცვალე
A97: tribunadigital | B97: 46181 | C97: Fixed | D97: tribunadigital | E97: Nini_B | F97: 46181 | G97: 1650 | H97: =IF(TODAY()>K97,"Finished",IF(TODAY()<J97,"Not Started","Ongoing")) -> Finished | I97: SEO | J97: 46188 | K97: 46227
A98: MAXXIMTV | B98: 46182 | C98: Fixed | D98: MAXXIMTV | E98: Elene_Gh | F98: 46182 | G98: 477.26 | H98: =IF(TODAY()>K98,"Finished",IF(TODAY()<J98,"Not Started","Ongoing")) -> Finished | I98: Influence | J98: 46183 | K98: 46213
A99: Firelink | B99: 46183 | C99: Fixed | D99: Firelink | E99: Elene_Gh | F99: 46183 | G99: 1901.8 | H99: =IF(TODAY()>K99,"Finished",IF(TODAY()<J99,"Not Started","Ongoing")) -> Finished | I99: SEO | J99: 46189 | K99: 46220
A100: Trafficlab_New | B100: 46183 | C100: Fixed | D100: Trafficlab_New | E100: Giorgi_Ts | F100: 46183 | G100: 1500 | H100: =IF(TODAY()>K100,"Finished",IF(TODAY()<J100,"Not Started","Ongoing")) -> Finished | I100: SEO | J100: 46204 | K100: 46266
A101: Kanadamaxi | B101: 46184 | C101: Fixed | D101: Kanadamaxi | E101: Elene_Gh | F101: 46184 | G101: 302.95 | H101: =IF(TODAY()>K101,"Finished",IF(TODAY()<J101,"Not Started","Ongoing")) -> Finished | I101: Influence | J101: 46185 | K101: 46192
A102: blexrSBO | B102: 46184 | C102: Fixed | D102: blexrSBO | E102: Nini_B | F102: 46184 | G102: 3333.34 | H102: =IF(TODAY()>K102,"Finished",IF(TODAY()<J102,"Not Started","Ongoing")) -> Finished | I102: SEO | J102: 46184 | K102: 46214
A103: blexrSBO | B103: 46184 | C103: Fixed | D103: blexrSBO | E103: Nini_B | F103: 46184 | G103: 1666.66 | H103: =IF(TODAY()>K103,"Finished",IF(TODAY()<J103,"Not Started","Ongoing")) -> Finished | I103: SEO | J103: 46184 | K103: 46214
A104: Naqo | B104: 46185 | C104: Fixed | D104: Naqo | E104: Elene_Gh | F104: 46185 | G104: 2429.62 | H104: =IF(TODAY()>K104,"Finished",IF(TODAY()<J104,"Not Started","Ongoing")) -> Finished | I104: Influence | J104: 46187 | K104: 46194
A105: YuliaGoats | B105: 46185 | C105: CPA | D105: YuliaGoats | E105: Nini_B | F105: 46185 | G105: 750 | H105: =IF(TODAY()>K105,"Finished",IF(TODAY()<J105,"Not Started","Ongoing")) -> Finished | I105: Meta | J105: 46177 | K105: 46129
A106: YuliaGoats | B106: 46185 | C106: CPA | D106: YuliaGoats | E106: Nini_B | F106: 46185 | G106: 750 | H106: =IF(TODAY()>K106,"Finished",IF(TODAY()<J106,"Not Started","Ongoing")) -> Finished | I106: Meta | J106: 46177 | K106: 46129
A107: YuliaGoats | B107: 46185 | C107: CPA | D107: YuliaGoats | E107: Nini_B | F107: 46185 | G107: 750 | H107: =IF(TODAY()>K107,"Finished",IF(TODAY()<J107,"Not Started","Ongoing")) -> Finished | I107: Meta | J107: 46177 | K107: 46129
A108: Affilino33 | B108: 46188 | C108: Fixed | D108: Affilino33 | E108: Elene_Gh | F108: 46188 | G108: 2500 | H108: =IF(TODAY()>K108,"Finished",IF(TODAY()<J108,"Not Started","Ongoing")) -> Finished | I108: SEO | J108: 46195 | K108: 46225
... A110: Gabostream | B110: 46190 | C110: Fixed | D110: Gabostream | E110: Elene_Gh | F110: 46190 | G110: 538.23 | H110: =IF(TODAY()>K110,"Finished",IF(TODAY()<J110,"Not Started","Ongoing")) -> Finished | I110: Influence | J110: 46191 | K110: 46221
A111: Xaloslots | B111: 46190 | C111: Fixed | D111: Xaloslots | E111: Nini_B | F111: 46190 | G111: 20500 | H111: =IF(TODAY()>K111,"Finished",IF(TODAY()<J111,"Not Started","Ongoing")) -> Finished | I111: Influence | J111: 46192 | K111: 46224 | L111: end date შევცვალე
A112: lucas99mzn | B112: 46190 | C112: CPA | D112: lucas99mzn | E112: Giorgi_Ts | F112: 46190 | G112: 420 | H112: =IF(TODAY()>K112,"Finished",IF(TODAY()<J112,"Not Started","Ongoing")) -> Finished | I112: Tipster | J112: 46143 | K112: 46174
A113: BojokoCA | B113: 46190 | C113: Fixed | D113: BojokoCA | E113: Elene_Gh | F113: 46190 | G113: 1250 | H113: =IF(TODAY()>K113,"Finished",IF(TODAY()<J113,"Not Started","Ongoing")) -> Finished | I113: SEO | J113: 46143 | K113: 46173
A114: BojokoCA | B114: 46190 | C114: Fixed | D114: BojokoCA | E114: Elene_Gh | F114: 46190 | G114: 1250 | H114: =IF(TODAY()>K114,"Finished",IF(TODAY()<J114,"Not Started","Ongoing")) -> Finished | I114: SEO | J114: 46143 | K114: 46173
A115: crazyslotsvip | B115: 46191 | C115: Fixed | D115: crazyslotsvip | E115: Nini_B | F115: 46191 | G115: 431.08 | H115: Scammer | I115: Influence | J115: 46196 | K115: 46226
...

Sheet Data2025
A2: 2025 | B2: Jan | C2: Feb | D2: Mar | E2: Apr | F2: May | G2: Jun | H2: Jul | I2: Aug | J2: Sep | K2: Oct | L2: Nov | M2: Dec | N2: Total
A3: SEO | K3: 8666.67 | L3: 47333.33 | M3: 20000 | N3: =P3+ sum(I3:M3) -> 76000
A4: Brand | B4: 662.01 | C4: 662.01 | D4: 1462.01 | E4: 1571.9 | F4: 4826.05 | G4: 13961.43 | H4: 21756.18 | I4: 23158.7 | J4: 29075.59 | K4: 142.21 | L4: 23423.07 | M4: 6661.52 | N4: =P4+ sum(I4:M4) -> 82461.09
A5: Media | B5: 19089.66 | C5: 26961.96 | D5: 20308.64 | E5: 18387.42 | F5: 30858.3 | G5: 4323.36 | H5: 14177.86 | I5: 8786.1 | J5: 12814.72 | K5: 27916.79 | L5: 63228.51 | M5: 30271.27 | N5: =P5+ sum(I5:M5) -> 143017.39
A6: Community | F6: 881.36 | G6: 992.5 | H6: 128.86 | I6: 1664.13 | K6: 4064.13 | L6: 4604.9 | M6: 4719.41 | N6: =P6+ sum(I6:M6) -> 15052.57
A7: Influence | E7: 5775.51 | F7: 12262.65 | G7: 8082.12 | H7: 6664.04 | J7: 2657.15 | K7: 13146.7 | L7: 54437.32 | M7: 30524.26 | N7: =P7+ sum(I7:M7) -> 100765.43
A8: Affiliate SEO | B8: 34083.39 | C8: 34351.25 | D8: 44218.94 | E8: 33338.14 | F8: 12851.83 | G8: 17636.73 | H8: 13487.06 | I8: 13493.34 | J8: 16878.07 | K8: 48507.47 | L8: 27551.01 | M8: 30457.68 | N8: =P8+ sum(I8:M8) -> 136887.57
A9: Affiliate Meta | N9: =P9+ sum(I9:M9) -> 0
A10: Affiliate Tipster | N10: =P10+ sum(I10:M10) -> 0
A11: Affiliate PPC | N11: =P11+ sum(I11:M11) -> 0
A12: Affiliate DSP | N12: =P12+ sum(I12:M12) -> 0
A13: Other | F13: 8924 | G13: 8633 | H13: 28630 | I13: 42856 | K13: 28087 | N13: =P13+ sum(I13:M13) -> 70943
A14: Total | B14: =sum(B3:B13) -> 53835.06 | C14: =sum(C3:C13) -> 61975.22 | D14: =sum(D3:D13) -> 65989.59 | E14: =sum(E3:E13) -> 59072.97 | F14: =sum(F3:F13) -> 70604.19 | G14: =sum(G3:G13) -> 53629.14 | H14: =sum(H3:H13) -> 84844 | I14: =sum(I3:I13) -> 89958.27 | ... M14: =sum(M3:M13) -> 122634.14 | N14: =P14+ sum(I14:M14) -> 625127.05

Sheet Data Accrued
A1: Affiliate Name | B1: Date | C1: Deal Type | D1: Affiliate Name | E1: Partner | F1: Payment Date | G1: Cost | H1: Status | I1: Source | J1: Starting date | K1: End Date | L1: January accrued costs | M1: February accrued costs | N1: March accrued costs | O1: April accrued costs | P1: May accrued costs | Q1: June accrued costs | R1: January FTD | S1: February FTD | T1: March FTD | U1: April FTD | V1: May FTD | W1: June FTD | X1: January NGR | Y1: February NGR | Z1: March NGR | AA1: April NGR | AB1: May NGR | AC1: June NGR
A2: =Data2026!A8 -> BestCryptoCasino | B2: =Data2026!B8 -> 46038 | C2: =Data2026!C8 -> Listing | D2: =Data2026!D8 -> BestCryptoCasino | E2: =Data2026!E8 -> Elene_Gh | F2: =Data2026!F8 -> 46038 | G2: =Data2026!G8 -> 600 | H2: =Data2026!H8 -> Finished | ... K2: =Data2026!K8 -> 46068 | L2: =IF(OR($J2="",$K2="",$G2=""),0,IF($K2<=$J2,IF(AND($J2>=DATE(2026,1,1),$J2<EDATE(DATE(2026,1,1),1),TODAY()>=$J2),$G2,0),MAX(0,MIN(IF(TODAY()>$K2,$K2,TODAY()),EDATE(DATE(2026,1,1),1))-MAX($J2,DATE(2026,1,1)))*$G2/($K2-$J2))) -> 320 | M2: =IF(OR($J2="",$K2="",$G2=""),0,IF($K2<=$J2,IF(AND($J2>=DATE(2026,2,1),$J2<EDATE(DATE(2026,2,1),1),TODAY()>=$J2),$G2,0),MAX(0,MIN(IF(TODAY()>$K2,$K2,TODAY()),EDATE(DATE(2026,2,1),1))-MAX($J2,DATE(2026,2,1)))*$G2/($K2-$J2))) -> 280 | N2: =IF(OR($J2="",$K2="",$G2=""),0,IF($K2<=$J2,IF(AND($J2>=DATE(2026,3,1),$J2<EDATE(DATE(2026,3,1),1),TODAY()>=$J2),$G2,0),MAX(0,MIN(IF(TODAY()>$K2,$K2,TODAY()),EDATE(DATE(2026,3,1),1))-MAX($J2,DATE(2026,3,1)))*$G2/($K2-$J2))) -> 0 | O2: =IF(OR($J2="",$K2="",$G2=""),0,IF($K2<=$J2,IF(AND($J2>=DATE(2026,4,1),$J2<EDATE(DATE(2026,4,1),1),TODAY()>=$J2),$G2,0),MAX(0,MIN(IF(TODAY()>$K2,$K2,TODAY()),EDATE(DATE(2026,4,1),1))-MAX($J2,DATE(2026,4,1)))*$G2/($K2-$J2))) -> 0 | P2: =IF(OR($J2="",$K2="",$G2=""),0,IF($K2<=$J2,IF(AND($J2>=DATE(2026,5,1),$J2<EDATE(DATE(2026,5,1),1),TODAY()>=$J2),$G2,0),MAX(0,MIN(IF(TODAY()>$K2,$K2,TODAY()),EDATE(DATE(2026,5,1),1))-MAX($J2,DATE(2026,5,1)))*$G2/($K2-$J2))) -> 0 | Q2: =IF(OR($J2="",$K2="",$G2=""),0,IF($K2<=$J2,IF(AND($J2>=DATE(2026,6,1),$J2<EDATE(DATE(2026,5,1),1),TODAY()>=$J2),$G2,0),MAX(0,MIN(IF(TODAY()>$K2,$K2,TODAY()),EDATE(DATE(2026,6,1),1))-MAX($J2,DATE(2026,6,1)))*$G2/($K2-$J2))) -> 0 | R2: =SUMIF(Tableau!$A:$A,$A2,Tableau!E:E) -> #N/A | S2: =SUMIF(Tableau!$A:$A,$A2,Tableau!F:F) -> #N/A | T2: =SUMIF(Tableau!$A:$A,$A2,Tableau!G:G) -> #N/A | U2: =SUMIF(Tableau!$A:$A,$A2,Tableau!H:H) -> #N/A | V2: =SUMIF(Tableau!$A:$A,$A2,Tableau!I:I) -> #N/A | W2: =SUMIF(Tableau!$A:$A,$A2,Tableau!J:J) -> #N/A | AL2: Total | AV2: Total
A3: =Data2026!A9 -> SBGC | B3: =Data2026!B9 -> 46053 | C3: =Data2026!C9 -> Listing | D3: =Data2026!D9 -> SBGC | E3: =Data2026!E9 -> Ani_S | F3: =Data2026!F9 -> 46053 | G3: =Data2026!G9 -> 5870 | H3: =Data2026!H9 -> Finished | ... K3: =Data2026!K9 -> 46053 | L3: =IF(OR($J3="",$K3="",$G3=""),0,IF($K3<=$J3,IF(AND($J3>=DATE(2026,1,1),$J3<EDATE(DATE(2026,1,1),1),TODAY()>=$J3),$G3,0),MAX(0,MIN(IF(TODAY()>$K3,$K3,TODAY()),EDATE(DATE(2026,1,1),1))-MAX($J3,DATE(2026,1,1)))*$G3/($K3-$J3))) -> 5870 | M3: =IF(OR($J3="",$K3="",$G3=""),0,IF($K3<=$J3,IF(AND($J3>=DATE(2026,2,1),$J3<EDATE(DATE(2026,2,1),1),TODAY()>=$J3),$G3,0),MAX(0,MIN(IF(TODAY()>$K3,$K3,TODAY()),EDATE(DATE(2026,2,1),1))-MAX($J3,DATE(2026,2,1)))*$G3/($K3-$J3))) -> 0 | N3: =IF(OR($J3="",$K3="",$G3=""),0,IF($K3<=$J3,IF(AND($J3>=DATE(2026,3,1),$J3<EDATE(DATE(2026,3,1),1),TODAY()>=$J3),$G3,0),MAX(0,MIN(IF(TODAY()>$K3,$K3,TODAY()),EDATE(DATE(2026,3,1),1))-MAX($J3,DATE(2026,3,1)))*$G3/($K3-$J3))) -> 0 | O3: =IF(OR($J3="",$K3="",$G3=""),0,IF($K3<=$J3,IF(AND($J3>=DATE(2026,4,1),$J3<EDATE(DATE(2026,4,1),1),TODAY()>=$J3),$G3,0),MAX(0,MIN(IF(TODAY()>$K3,$K3,TODAY()),EDATE(DATE(2026,4,1),1))-MAX($J3,DATE(2026,4,1)))*$G3/($K3-$J3))) -> 0 | P3: =IF(OR($J3="",$K3="",$G3=""),0,IF($K3<=$J3,IF(AND($J3>=DATE(2026,5,1),$J3<EDATE(DATE(2026,5,1),1),TODAY()>=$J3),$G3,0),MAX(0,MIN(IF(TODAY()>$K3,$K3,TODAY()),EDATE(DATE(2026,5,1),1))-MAX($J3,DATE(2026,5,1)))*$G3/($K3-$J3))) -> 0 | Q3: =IF(OR($J3="",$K3="",$G3=""),0,IF($K3<=$J3,IF(AND($J3>=DATE(2026,6,1),$J3<EDATE(DATE(2026,5,1),1),TODAY()>=$J3),$G3,0),MAX(0,MIN(IF(TODAY()>$K3,$K3,TODAY()),EDATE(DATE(2026,6,1),1))-MAX($J3,DATE(2026,6,1)))*$G3/($K3-$J3))) -> 0 | R3: =SUMIF(Tableau!$A:$A,$A3,Tableau!E:E) -> #N/A | S3: =SUMIF(Tableau!$A:$A,$A3,Tableau!F:F) -> #N/A | W3: =SUMIF(Tableau!$A:$A,$A3,Tableau!J:J) -> #N/A | X3: =SUMIF(Tableau!$A:$A,$A3,Tableau!P:P) -> #N/A | Y3: =SUMIF(Tableau!$A:$A,$A3,Tableau!Q:Q) -> #N/A | Z3: =SUMIF(Tableau!$A:$A,$A3,Tableau!R:R) -> #N/A | AA3: =SUMIF(Tableau!$A:$A,$A3,Tableau!S:S) -> #N/A | AB3: =SUMIF(Tableau!$A:$A,$A3,Tableau!T:T) -> #N/A | AC3: =SUMIF(Tableau!$A:$A,$A3,Tableau!U:U) -> #N/A | AL3: =SUM(AF3:AK3) -> #REF! | AV3: =SUM(AP3:AU3) -> #N/A
A4: =Data2026!A10 -> Coincodex | B4: =Data2026!B10 -> 46053 | C4: =Data2026!C10 -> Listing | D4: =Data2026!D10 -> Coincodex | E4: =Data2026!E10 -> Nugi | F4: =Data2026!F10 -> 46053 | G4: =Data2026!G10 -> 4193 | H4: =Data2026!H10 -> Finished | ... K4: =Data2026!K10 -> 46083 | L4: =IF(OR($J4="",$K4="",$G4=""),0,IF($K4<=$J4,IF(AND($J4>=DATE(2026,1,1),$J4<EDATE(DATE(2026,1,1),1),TODAY()>=$J4),$G4,0),MAX(0,MIN(IF(TODAY()>$K4,$K4,TODAY()),EDATE(DATE(2026,1,1),1))-MAX($J4,DATE(2026,1,1)))*$G4/($K4-$J4))) -> 139.76667 | M4: =IF(OR($J4="",$K4="",$G4=""),0,IF($K4<=$J4,IF(AND($J4>=DATE(2026,2,1),$J4<EDATE(DATE(2026,2,1),1),TODAY()>=$J4),$G4,0),MAX(0,MIN(IF(TODAY()>$K4,$K4,TODAY()),EDATE(DATE(2026,2,1),1))-MAX($J4,DATE(2026,2,1)))*$G4/($K4-$J4))) -> 3913.4667 | N4: =IF(OR($J4="",$K4="",$G4=""),0,IF($K4<=$J4,IF(AND($J4>=DATE(2026,3,1),$J4<EDATE(DATE(2026,3,1),1),TODAY()>=$J4),$G4,0),MAX(0,MIN(IF(TODAY()>$K4,$K4,TODAY()),EDATE(DATE(2026,3,1),1))-MAX($J4,DATE(2026,3,1)))*$G4/($K4-$J4))) -> 139.76667 | O4: =IF(OR($J4="",$K4="",$G4=""),0,IF($K4<=$J4,IF(AND($J4>=DATE(2026,4,1),$J4<EDATE(DATE(2026,4,1),1),TODAY()>=$J4),$G4,0),MAX(0,MIN(IF(TODAY()>$K4,$K4,TODAY()),EDATE(DATE(2026,4,1),1))-MAX($J4,DATE(2026,4,1)))*$G4/($K4-$J4))) -> 0 | P4: =IF(OR($J4="",$K4="",$G4=""),0,IF($K4<=$J4,IF(AND($J4>=DATE(2026,5,1),$J4<EDATE(DATE(2026,5,1),1),TODAY()>=$J4),$G4,0),MAX(0,MIN(IF(TODAY()>$K4,$K4,TODAY()),EDATE(DATE(2026,5,1),1))-MAX($J4,DATE(2026,5,1)))*$G4/($K4-$J4))) -> 0 | Q4: =IF(OR($J4="",$K4="",$G4=""),0,IF($K4<=$J4,IF(AND($J4>=DATE(2026,6,1),$J4<EDATE(DATE(2026,5,1),1),TODAY()>=$J4),$G4,0),MAX(0,MIN(IF(TODAY()>$K4,$K4,TODAY()),EDATE(DATE(2026,6,1),1))-MAX($J4,DATE(2026,6,1)))*$G4/($K4-$J4))) -> 0 | R4: =SUMIF(Tableau!$A:$A,$A4,Tableau!E:E) -> #N/A | S4: =SUMIF(Tableau!$A:$A,$A4,Tableau!F:F) -> #N/A | T4: =SUMIF(Tableau!$A:$A,$A4,Tableau!G:G) -> #N/A | U4: =SUMIF(Tableau!$A:$A,$A4,Tableau!H:H) -> #N/A | V4: =SUMIF(Tableau!$A:$A,$A4,Tableau!I:I) -> #N/A | W4: =SUMIF(Tableau!$A:$A,$A4,Tableau!J:J) -> #N/A | X4: =SUMIF(Tableau!$A:$A,$A4,Tableau!P:P) -> #N/A | Y4: =SUMIF(Tableau!$A:$A,$A4,Tableau!Q:Q) -> #N/A | Z4: =SUMIF(Tableau!$A:$A,$A4,Tableau!R:R) -> #N/A | AA4: =SUMIF(Tableau!$A:$A,$A4,Tableau!S:S) -> #N/A | AB4: =SUMIF(Tableau!$A:$A,$A4,Tableau!T:T) -> #N/A | AC4: =SUMIF(Tableau!$A:$A,$A4,Tableau!U:U) -> #N/A | AL4: Total | AV4: =SUM(AP4:AU4) -> #N/A
A5: =Data2026!A11 -> toprangemain | B5: =Data2026!B11 -> 46077 | C5: =Data2026!C11 -> Fixed | D5: =Data2026!D11 -> toprangemain | E5: =Data2026!E11 -> Nugi | F5: =Data2026!F11 -> 46077 | G5: =Data2026!G11 -> 2500 | H5: =Data2026!H11 -> Finished | ... K5: =Data2026!K11 -> 46107 | L5: =IF(OR($J5="",$K5="",$G5=""),0,IF($K5<=$J5,IF(AND($J5>=DATE(2026,1,1),$J5<EDATE(DATE(2026,1,1),1),TODAY()>=$J5),$G5,0),MAX(0,MIN(IF(TODAY()>$K5,$K5,TODAY()),EDATE(DATE(2026,1,1),1))-MAX($J5,DATE(2026,1,1)))*$G5/($K5-$J5))) -> 0 | M5: =IF(OR($J5="",$K5="",$G5=""),0,IF($K5<=$J5,IF(AND($J5>=DATE(2026,2,1),$J5<EDATE(DATE(2026,2,1),1),TODAY()>=$J5),$G5,0),MAX(0,MIN(IF(TODAY()>$K5,$K5,TODAY()),EDATE(DATE(2026,2,1),1))-MAX($J5,DATE(2026,2,1)))*$G5/($K5-$J5))) -> 416.66667 | N5: =IF(OR($J5="",$K5="",$G5=""),0,IF($K5<=$J5,IF(AND($J5>=DATE(2026,3,1),$J5<EDATE(DATE(2026,3,1),1),TODAY()>=$J5),$G5,0),MAX(0,MIN(IF(TODAY()>$K5,$K5,TODAY()),EDATE(DATE(2026,3,1),1))-MAX($J5,DATE(2026,3,1)))*$G5/($K5-$J5))) -> 2083.3333 | O5: =IF(OR($J5="",$K5="",$G5=""),0,IF($K5<=$J5,IF(AND($J5>=DATE(2026,4,1),$J5<EDATE(DATE(2026,4,1),1),TODAY()>=$J5),$G5,0),MAX(0,MIN(IF(TODAY()>$K5,$K5,TODAY()),EDATE(DATE(2026,4,1),1))-MAX($J5,DATE(2026,4,1)))*$G5/($K5-$J5))) -> 0 | P5: =IF(OR($J5="",$K5="",$G5=""),0,IF($K5<=$J5,IF(AND($J5>=DATE(2026,5,1),$J5<EDATE(DATE(2026,5,1),1),TODAY()>=$J5),$G5,0),MAX(0,MIN(IF(TODAY()>$K5,$K5,TODAY()),EDATE(DATE(2026,5,1),1))-MAX($J5,DATE(2026,5,1)))*$G5/($K5-$J5))) -> 0 | Q5: =IF(OR($J5="",$K5="",$G5=""),0,IF($K5<=$J5,IF(AND($J5>=DATE(2026,6,1),$J5<EDATE(DATE(2026,5,1),1),TODAY()>=$J5),$G5,0),MAX(0,MIN(IF(TODAY()>$K5,$K5,TODAY()),EDATE(DATE(2026,6,1),1))-MAX($J5,DATE(2026,6,1)))*$G5/($K5-$J5))) -> 0 | R5: =SUMIF(Tableau!$A:$A,$A5,Tableau!E:E) -> #N/A | S5: =SUMIF(Tableau!$A:$A,$A5,Tableau!F:F) -> #N/A | T5: =SUMIF(Tableau!$A:$A,$A5,Tableau!G:G) -> #N/A | U5: =SUMIF(Tableau!$A:$A,$A5,Tableau!H:H) -> #N/A | V5: =SUMIF(Tableau!$A:$A,$A5,Tableau!I:I) -> #N/A | W5: =SUMIF(Tableau!$A:$A,$A5,Tableau!J:J) -> #N/A | X5: =SUMIF(Tableau!$A:$A,$A5,Tableau!P:P) -> #N/A | Y5: =SUMIF(Tableau!$A:$A,$A5,Tableau!Q:Q) -> #N/A | Z5: =SUMIF(Tableau!$A:$A,$A5,Tableau!R:R) -> #N/A | AA5: =SUMIF(Tableau!$A:$A,$A5,Tableau!S:S) -> #N/A | AB5: =SUMIF(Tableau!$A:$A,$A5,Tableau!T:T) -> #N/A | AC5: =SUMIF(Tableau!$A:$A,$A5,Tableau!U:U) -> #N/A | AL5: =SUM(AF5:AK5) -> #N/A | AV5: =SUM(AP5:AU5) -> #N/A | CF5: JAN CPA | CG5: FEB CPA | CH5: MAR CPA | CI5: APR CPA | CJ5: MAY CPA | CK5: JUN CPA
A6: =Data2026!A12 -> toprangemain | B6: =Data2026!B12 -> 46077 | C6: =Data2026!C12 -> Fixed | D6: =Data2026!D12 -> toprangemain | E6: =Data2026!E12 -> Nini_B | F6: =Data2026!F12 -> 46077 | G6: =Data2026!G12 -> 2500 | H6: =Data2026!H12 -> Finished | ... K6: =Data2026!K12 -> 46107 | L6: =IF(OR($J6="",$K6="",$G6=""),0,IF($K6<=$J6,IF(AND($J6>=DATE(2026,1,1),$J6<EDATE(DATE(2026,1,1),1),TODAY()>=$J6),$G6,0),MAX(0,MIN(IF(TODAY()>$K6,$K6,TODAY()),EDATE(DATE(2026,1,1),1))-MAX($J6,DATE(2026,1,1)))*$G6/($K6-$J6))) -> 0 | M6: =IF(OR($J6="",$K6="",$G6=""),0,IF($K6<=$J6,IF(AND($J6>=DATE(2026,2,1),$J6<EDATE(DATE(2026,2,1),1),TODAY()>=$J6),$G6,0),MAX(0,MIN(IF(TODAY()>$K6,$K6,TODAY()),EDATE(DATE(2026,2,1),1))-MAX($J6,DATE(2026,2,1)))*$G6/($K6-$J6))) -> 416.66667 | N6: =IF(OR($J6="",$K6="",$G6=""),0,IF($K6<=$J6,IF(AND($J6>=DATE(2026,3,1),$J6<EDATE(DATE(2026,3,1),1),TODAY()>=$J6),$G6,0),MAX(0,MIN(IF(TODAY()>$K6,$K6,TODAY()),EDATE(DATE(2026,3,1),1))-MAX($J6,DATE(2026,3,1)))*$G6/($K6-$J6))) -> 2083.3333 | O6: =IF(OR($J6="",$K6="",$G6=""),0,IF($K6<=$J6,IF(AND($J6>=DATE(2026,4,1),$J6<EDATE(DATE(2026,4,1),1),TODAY()>=$J6),$G6,0),MAX(0,MIN(IF(TODAY()>$K6,$K6,TODAY()),EDATE(DATE(2026,4,1),1))-MAX($J6,DATE(2026,4,1)))*$G6/($K6-$J6))) -> 0 | P6: =IF(OR($J6="",$K6="",$G6=""),0,IF($K6<=$J6,IF(AND($J6>=DATE(2026,5,1),$J6<EDATE(DATE(2026,5,1),1),TODAY()>=$J6),$G6,0),MAX(0,MIN(IF(TODAY()>$K6,$K6,TODAY()),EDATE(DATE(2026,5,1),1))-MAX($J6,DATE(2026,5,1)))*$G6/($K6-$J6))) -> 0 | Q6: =IF(OR($J6="",$K6="",$G6=""),0,IF($K6<=$J6,IF(AND($J6>=DATE(2026,6,1),$J6<EDATE(DATE(2026,5,1),1),TODAY()>=$J6),$G6,0),MAX(0,MIN(IF(TODAY()>$K6,$K6,TODAY()),EDATE(DATE(2026,6,1),1))-MAX($J6,DATE(2026,6,1)))*$G6/($K6-$J6))) -> 0 | W6: =SUMIF(Tableau!$A:$A,$A6,Tableau!J:J) -> #N/A | X6: =SUMIF(Tableau!$A:$A,$A6,Tableau!P:P) -> #N/A | Y6: =SUMIF(Tableau!$A:$A,$A6,Tableau!Q:Q) -> #N/A | Z6: =SUMIF(Tableau!$A:$A,$A6,Tableau!R:R) -> #N/A | AA6: =SUMIF(Tableau!$A:$A,$A6,Tableau!S:S) -> #N/A | AB6: =SUMIF(Tableau!$A:$A,$A6,Tableau!T:T) -> #N/A | AC6: =SUMIF(Tableau!$A:$A,$A6,Tableau!U:U) -> #N/A | AF6: Jan CPA | AG6: Feb CPA | AH6: Mar CPA | AI6: April CPA | AJ6: May CPA | AK6: June CPA | AL6: Total | AV6: =SUM(AP6:AU6) -> #N/A | CF6: =IFERROR(BT6/BZ6,0) -> 0 | CG6: =IFERROR(BU6/CA6,0) -> 0 | CH6: =IFERROR(BV6/CB6,0) -> 0 | CI6: =IFERROR(BW6/CC6,0) -> 0 | CJ6: =IFERROR(BX6/CD6,0) -> 0 | CK6: =IFERROR(BY6/CE6,0) -> 0
A7: =Data2026!A13 -> profithunters | B7: =Data2026!B13 -> 46077 | C7: =Data2026!C13 -> Fixed | D7: =Data2026!D13 -> profithunters | E7: =Data2026!E13 -> Nugi | F7: =Data2026!F13 -> 46077 | G7: =Data2026!G13 -> 5518.58 | H7: =Data2026!H13 -> Finished | ... K7: =Data2026!K13 -> 46107 | L7: =IF(OR($J7="",$K7="",$G7=""),0,IF($K7<=$J7,IF(AND($J7>=DATE(2026,1,1),$J7<EDATE(DATE(2026,1,1),1),TODAY()>=$J7),$G7,0),MAX(0,MIN(IF(TODAY()>$K7,$K7,TODAY()),EDATE(DATE(2026,1,1),1))-MAX($J7,DATE(2026,1,1)))*$G7/($K7-$J7))) -> 0 | M7: =IF(OR($J7="",$K7="",$G7=""),0,IF($K7<=$J7,IF(AND($J7>=DATE(2026,2,1),$J7<EDATE(DATE(2026,2,1),1),TODAY()>=$J7),$G7,0),MAX(0,MIN(IF(TODAY()>$K7,$K7,TODAY()),EDATE(DATE(2026,2,1),1))-MAX($J7,DATE(2026,2,1)))*$G7/($K7-$J7))) -> 919.76333 | N7: =IF(OR($J7="",$K7="",$G7=""),0,IF($K7<=$J7,IF(AND($J7>=DATE(2026,3,1),$J7<EDATE(DATE(2026,3,1),1),TODAY()>=$J7),$G7,0),MAX(0,MIN(IF(TODAY()>$K7,$K7,TODAY()),EDATE(DATE(2026,3,1),1))-MAX($J7,DATE(2026,3,1)))*$G7/($K7-$J7))) -> 4598.8167 | O7: =IF(OR($J7="",$K7="",$G7=""),0,IF($K7<=$J7,IF(AND($J7>=DATE(2026,4,1),$J7<EDATE(DATE(2026,4,1),1),TODAY()>=$J7),$G7,0),MAX(0,MIN(IF(TODAY()>$K7,$K7,TODAY()),EDATE(DATE(2026,4,1),1))-MAX($J7,DATE(2026,4,1)))*$G7/($K7-$J7))) -> 0 | P7: =IF(OR($J7="",$K7="",$G7=""),0,IF($K7<=$J7,IF(AND($J7>=DATE(2026,5,1),$J7<EDATE(DATE(2026,5,1),1),TODAY()>=$J7),$G7,0),MAX(0,MIN(IF(TODAY()>$K7,$K7,TODAY()),EDATE(DATE(2026,5,1),1))-MAX($J7,DATE(2026,5,1)))*$G7/($K7-$J7))) -> 0 | Q7: =IF(OR($J7="",$K7="",$G7=""),0,IF($K7<=$J7,IF(AND($J7>=DATE(2026,6,1),$J7<EDATE(DATE(2026,5,1),1),TODAY()>=$J7),$G7,0),MAX(0,MIN(IF(TODAY()>$K7,$K7,TODAY()),EDATE(DATE(2026,6,1),1))-MAX($J7,DATE(2026,6,1)))*$G7/($K7-$J7))) -> 0 | R7: =SUMIF(Tableau!$A:$A,$A7,Tableau!E:E) -> #N/A | S7: =SUMIF(Tableau!$A:$A,$A7,Tableau!F:F) -> #N/A | T7: =SUMIF(Tableau!$A:$A,$A7,Tableau!G:G) -> #N/A | U7: =SUMIF(Tableau!$A:$A,$A7,Tableau!H:H) -> #N/A | V7: =SUMIF(Tableau!$A:$A,$A7,Tableau!I:I) -> #N/A | W7: =SUMIF(Tableau!$A:$A,$A7,Tableau!J:J) -> #N/A | X7: =SUMIF(Tableau!$A:$A,$A7,Tableau!P:P) -> #N/A | Y7: =SUMIF(Tableau!$A:$A,$A7,Tableau!Q:Q) -> #N/A | Z7: =SUMIF(Tableau!$A:$A,$A7,Tableau!R:R) -> #N/A | AA7: =SUMIF(Tableau!$A:$A,$A7,Tableau!S:S) -> #N/A | AB7: =SUMIF(Tableau!$A:$A,$A7,Tableau!T:T) -> #N/A | AC7: =SUMIF(Tableau!$A:$A,$A7,Tableau!U:U) -> #N/A | AF7: =AF3/AF5 -> #REF! | AG7: =AG3/AG5 -> #REF! | AH7: =AH3/AH5 -> #REF! | AI7: =AI3/AI5 -> #REF! | AJ7: =AJ3/AJ5 -> #REF! | AK7: =AK3/AK5 -> #REF! | AL7: =AL3/AL5 -> #REF! | AV7: =SUM(AP7:AU7) -> #N/A | CF7: =IFERROR(BT7/BZ7,0) -> 0 | CG7: =IFERROR(BU7/CA7,0) -> 0 | CH7: =IFERROR(BV7/CB7,0) -> 0 | CI7: =IFERROR(BW7/CC7,0) -> 0 | CJ7: =IFERROR(BX7/CD7,0) -> 0 | CK7: =IFERROR(BY7/CE7,0) -> 0
A8: =Data2026!A14 -> Firelink | B8: =Data2026!B14 -> 46077 | C8: =Data2026!C14 -> Fixed | D8: =Data2026!D14 -> Firelink | E8: =Data2026!E14 -> Nugi | F8: =Data2026!F14 -> 46077 | G8: =Data2026!G14 -> 889.98 | H8: =Data2026!H14 -> Finished | ... K8: =Data2026!K14 -> 46107 | L8: =IF(OR($J8="",$K8="",$G8=""),0,IF($K8<=$J8,IF(AND($J8>=DATE(2026,1,1),$J8<EDATE(DATE(2026,1,1),1),TODAY()>=$J8),$G8,0),MAX(0,MIN(IF(TODAY()>$K8,$K8,TODAY()),EDATE(DATE(2026,1,1),1))-MAX($J8,DATE(2026,1,1)))*$G8/($K8-$J8))) -> 0 | M8: =IF(OR($J8="",$K8="",$G8=""),0,IF($K8<=$J8,IF(AND($J8>=DATE(2026,2,1),$J8<EDATE(DATE(2026,2,1),1),TODAY()>=$J8),$G8,0),MAX(0,MIN(IF(TODAY()>$K8,$K8,TODAY()),EDATE(DATE(2026,2,1),1))-MAX($J8,DATE(2026,2,1)))*$G8/($K8-$J8))) -> 148.33 | N8: =IF(OR($J8="",$K8="",$G8=""),0,IF($K8<=$J8,IF(AND($J8>=DATE(2026,3,1),$J8<EDATE(DATE(2026,3,1),1),TODAY()>=$J8),$G8,0),MAX(0,MIN(IF(TODAY()>$K8,$K8,TODAY()),EDATE(DATE(2026,3,1),1))-MAX($J8,DATE(2026,3,1)))*$G8/($K8-$J8))) -> 741.65 | O8: =IF(OR($J8="",$K8="",$G8=""),0,IF($K8<=$J8,IF(AND($J8>=DATE(2026,4,1),$J8<EDATE(DATE(2026,4,1),1),TODAY()>=$J8),$G8,0),MAX(0,MIN(IF(TODAY()>$K8,$K8,TODAY()),EDATE(DATE(2026,4,1),1))-MAX($J8,DATE(2026,4,1)))*$G8/($K8-$J8))) -> 0 | P8: =IF(OR($J8="",$K8="",$G8=""),0,IF($K8<=$J8,IF(AND($J8>=DATE(2026,5,1),$J8<EDATE(DATE(2026,5,1),1),TODAY()>=$J8),$G8,0),MAX(0,MIN(IF(TODAY()>$K8,$K8,TODAY()),EDATE(DATE(2026,5,1),1))-MAX($J8,DATE(2026,5,1)))*$G8/($K8-$J8))) -> 0 | Q8: =IF(OR($J8="",$K8="",$G8=""),0,IF($K8<=$J8,IF(AND($J8>=DATE(2026,6,1),$J8<EDATE(DATE(2026,5,1),1),TODAY()>=$J8),$G8,0),MAX(0,MIN(IF(TODAY()>$K8,$K8,TODAY()),EDATE(DATE(2026,6,1),1))-MAX($J8,DATE(2026,6,1)))*$G8/($K8-$J8))) -> 0 | R8: =SUMIF(Tableau!$A:$A,$A8,Tableau!E:E) -> #N/A | S8: =SUMIF(Tableau!$A:$A,$A8,Tableau!F:F) -> #N/A | T8: =SUMIF(Tableau!$A:$A,$A8,Tableau!G:G) -> #N/A | U8: =SUMIF(Tableau!$A:$A,$A8,Tableau!H:H) -> #N/A | V8: =SUMIF(Tableau!$A:$A,$A8,Tableau!I:I) -> #N/A | W8: =SUMIF(Tableau!$A:$A,$A8,Tableau!J:J) -> #N/A | X8: =SUMIF(Tableau!$A:$A,$A8,Tableau!P:P) -> #N/A | Y8: =SUMIF(Tableau!$A:$A,$A8,Tableau!Q:Q) -> #N/A | Z8: =SUMIF(Tableau!$A:$A,$A8,Tableau!R:R) -> #N/A | AA8: =SUMIF(Tableau!$A:$A,$A8,Tableau!S:S) -> #N/A | AB8: =SUMIF(Tableau!$A:$A,$A8,Tableau!T:T) -> #N/A | AC8: =SUMIF(Tableau!$A:$A,$A8,Tableau!U:U) -> #N/A | AV8: =SUM(AP8:AU8) -> #N/A | CF8: =IFERROR(BT8/BZ8,0) -> 0 | CG8: =IFERROR(BU8/CA8,0) -> 0 | CH8: =IFERROR(BV8/CB8,0) -> 0 | CI8: =IFERROR(BW8/CC8,0) -> 0 | CJ8: =IFERROR(BX8/CD8,0) -> 0 | CK8: =IFERROR(BY8/CE8,0) -> 0
A9: =Data2026!A15 -> Firelink | B9: =Data2026!B15 -> 46077 | C9: =Data2026!C15 -> Fixed | D9: =Data2026!D15 -> Firelink | E9: =Data2026!E15 -> Nugi | F9: =Data2026!F15 -> 46077 | G9: =Data2026!G15 -> 889.98 | H9: =Data2026!H15 -> Finished | ... K9: =Data2026!K15 -> 46107 | L9: =IF(OR($J9="",$K9="",$G9=""),0,IF($K9<=$J9,IF(AND($J9>=DATE(2026,1,1),$J9<EDATE(DATE(2026,1,1),1),TODAY()>=$J9),$G9,0),MAX(0,MIN(IF(TODAY()>$K9,$K9,TODAY()),EDATE(DATE(2026,1,1),1))-MAX($J9,DATE(2026,1,1)))*$G9/($K9-$J9))) -> 0 | M9: =IF(OR($J9="",$K9="",$G9=""),0,IF($K9<=$J9,IF(AND($J9>=DATE(2026,2,1),$J9<EDATE(DATE(2026,2,1),1),TODAY()>=$J9),$G9,0),MAX(0,MIN(IF(TODAY()>$K9,$K9,TODAY()),EDATE(DATE(2026,2,1),1))-MAX($J9,DATE(2026,2,1)))*$G9/($K9-$J9))) -> 148.33 | N9: =IF(OR($J9="",$K9="",$G9=""),0,IF($K9<=$J9,IF(AND($J9>=DATE(2026,3,1),$J9<EDATE(DATE(2026,3,1),1),TODAY()>=$J9),$G9,0),MAX(0,MIN(IF(TODAY()>$K9,$K9,TODAY()),EDATE(DATE(2026,3,1),1))-MAX($J9,DATE(2026,3,1)))*$G9/($K9-$J9))) -> 741.65 | O9: =IF(OR($J9="",$K9="",$G9=""),0,IF($K9<=$J9,IF(AND($J9>=DATE(2026,4,1),$J9<EDATE(DATE(2026,4,1),1),TODAY()>=$J9),$G9,0),MAX(0,MIN(IF(TODAY()>$K9,$K9,TODAY()),EDATE(DATE(2026,4,1),1))-MAX($J9,DATE(2026,4,1)))*$G9/($K9-$J9))) -> 0 | P9: =IF(OR($J9="",$K9="",$G9=""),0,IF($K9<=$J9,IF(AND($J9>=DATE(2026,5,1),$J9<EDATE(DATE(2026,5,1),1),TODAY()>=$J9),$G9,0),MAX(0,MIN(IF(TODAY()>$K9,$K9,TODAY()),EDATE(DATE(2026,5,1),1))-MAX($J9,DATE(2026,5,1)))*$G9/($K9-$J9))) -> 0 | Q9: =IF(OR($J9="",$K9="",$G9=""),0,IF($K9<=$J9,IF(AND($J9>=DATE(2026,6,1),$J9<EDATE(DATE(2026,5,1),1),TODAY()>=$J9),$G9,0),MAX(0,MIN(IF(TODAY()>$K9,$K9,TODAY()),EDATE(DATE(2026,6,1),1))-MAX($J9,DATE(2026,6,1)))*$G9/($K9-$J9))) -> 0 | R9: =SUMIF(Tableau!$A:$A,$A9,Tableau!E:E) -> #N/A | S9: =SUMIF(Tableau!$A:$A,$A9,Tableau!F:F) -> #N/A | W9: =SUMIF(Tableau!$A:$A,$A9,Tableau!J:J) -> #N/A | X9: =SUMIF(Tableau!$A:$A,$A9,Tableau!P:P) -> #N/A | Y9: =SUMIF(Tableau!$A:$A,$A9,Tableau!Q:Q) -> #N/A | Z9: =SUMIF(Tableau!$A:$A,$A9,Tableau!R:R) -> #N/A | AV9: =SUM(AP9:AU9) -> #N/A | CF9: =IFERROR(BT9/BZ9,0) -> 0 | CG9: =IFERROR(BU9/CA9,0) -> 0 | CH9: =IFERROR(BV9/CB9,0) -> 0 | CI9: =IFERROR(BW9/CC9,0) -> 0 | CJ9: =IFERROR(BX9/CD9,0) -> 0 | CK9: =IFERROR(BY9/CE9,0) -> 0
A10: =Data2026!A16 -> SBGC | B10: =Data2026!B16 -> 46081 | C10: =Data2026!C16 -> Fixed | D10: =Data2026!D16 -> SBGC | E10: =Data2026!E16 -> Ani_S | F10: =Data2026!F16 -> 46081 | G10: =Data2026!G16 -> 30156.21 | H10: =Data2026!H16 -> Finished | ... K10: =Data2026!K16 -> 46203 | L10: =IF(OR($J10="",$K10="",$G10=""),0,IF($K10<=$J10,IF(AND($J10>=DATE(2026,1,1),$J10<EDATE(DATE(2026,1,1),1),TODAY()>=$J10),$G10,0),MAX(0,MIN(IF(TODAY()>$K10,$K10,TODAY()),EDATE(DATE(2026,1,1),1))-MAX($J10,DATE(2026,1,1)))*$G10/($K10-$J10))) -> 0 | M10: =IF(OR($J10="",$K10="",$G10=""),0,IF($K10<=$J10,IF(AND($J10>=DATE(2026,2,1),$J10<EDATE(DATE(2026,2,1),1),TODAY()>=$J10),$G10,0),MAX(0,MIN(IF(TODAY()>$K10,$K10,TODAY()),EDATE(DATE(2026,2,1),1))-MAX($J10,DATE(2026,2,1)))*$G10/($K10-$J10))) -> 0 | N10: =IF(OR($J10="",$K10="",$G10=""),0,IF($K10<=$J10,IF(AND($J10>=DATE(2026,3,1),$J10<EDATE(DATE(2026,3,1),1),TODAY()>=$J10),$G10,0),MAX(0,MIN(IF(TODAY()>$K10,$K10,TODAY()),EDATE(DATE(2026,3,1),1))-MAX($J10,DATE(2026,3,1)))*$G10/($K10-$J10))) -> 7725.9712 | O10: =IF(OR($J10="",$K10="",$G10=""),0,IF($K10<=$J10,IF(AND($J10>=DATE(2026,4,1),$J10<EDATE(DATE(2026,4,1),1),TODAY()>=$J10),$G10,0),MAX(0,MIN(IF(TODAY()>$K10,$K10,TODAY()),EDATE(DATE(2026,4,1),1))-MAX($J10,DATE(2026,4,1)))*$G10/($K10-$J10))) -> 7476.7463 | P10: =IF(OR($J10="",$K10="",$G10=""),0,IF($K10<=$J10,IF(AND($J10>=DATE(2026,5,1),$J10<EDATE(DATE(2026,5,1),1),TODAY()>=$J10),$G10,0),MAX(0,MIN(IF(TODAY()>$K10,$K10,TODAY()),EDATE(DATE(2026,5,1),1))-MAX($J10,DATE(2026,5,1)))*$G10/($K10-$J10))) -> 7725.9712 | Q10: =IF(OR($J10="",$K10="",$G10=""),0,IF($K10<=$J10,IF(AND($J10>=DATE(2026,6,1),$J10<EDATE(DATE(2026,5,1),1),TODAY()>=$J10),$G10,0),MAX(0,MIN(IF(TODAY()>$K10,$K10,TODAY()),EDATE(DATE(2026,6,1),1))-MAX($J10,DATE(2026,6,1)))*$G10/($K10-$J10))) -> 7227.5214 | T10: =SUMIF(Tableau!$A:$A,$A10,Tableau!G:G) -> #N/A | U10: =SUMIF(Tableau!$A:$A,$A10,Tableau!H:H) -> #N/A | V10: =SUMIF(Tableau!$A:$A,$A10,Tableau!I:I) -> #N/A | W10: =SUMIF(Tableau!$A:$A,$A10,Tableau!J:J) -> #N/A | AL10: Total | AV10: =SUM(AP10:AU10) -> #N/A | CF10: =IFERROR(BT10/BZ10,0) -> 0 | CG10: =IFERROR(BU10/CA10,0) -> 0 | CH10: =IFERROR(BV10/CB10,0) -> 0 | CI10: =IFERROR(BW10/CC10,0) -> 0 | CJ10: =IFERROR(BX10/CD10,0) -> 0 | CK10: =IFERROR(BY10/CE10,0) -> 0
A11: =Data2026!A17 -> coincodex | B11: =Data2026!B17 -> 46081 | C11: =Data2026!C17 -> Fixed | D11: =Data2026!D17 -> coincodex | E11: =Data2026!E17 -> Nini_B | F11: =Data2026!F17 -> 46081 | G11: =Data2026!G17 -> 8586.6 | H11: =Data2026!H17 -> Finished | ... K11: =Data2026!K17 -> 46111 | L11: =IF(OR($J11="",$K11="",$G11=""),0,IF($K11<=$J11,IF(AND($J11>=DATE(2026,1,1),$J11<EDATE(DATE(2026,1,1),1),TODAY()>=$J11),$G11,0),MAX(0,MIN(IF(TODAY()>$K11,$K11,TODAY()),EDATE(DATE(2026,1,1),1))-MAX($J11,DATE(2026,1,1)))*$G11/($K11-$J11))) -> 0 | M11: =IF(OR($J11="",$K11="",$G11=""),0,IF($K11<=$J11,IF(AND($J11>=DATE(2026,2,1),$J11<EDATE(DATE(2026,2,1),1),TODAY()>=$J11),$G11,0),MAX(0,MIN(IF(TODAY()>$K11,$K11,TODAY()),EDATE(DATE(2026,2,1),1))-MAX($J11,DATE(2026,2,1)))*$G11/($K11-$J11))) -> 286.22 | N11: =IF(OR($J11="",$K11="",$G11=""),0,IF($K11<=$J11,IF(AND($J11>=DATE(2026,3,1),$J11<EDATE(DATE(2026,3,1),1),TODAY()>=$J11),$G11,0),MAX(0,MIN(IF(TODAY()>$K11,$K11,TODAY()),EDATE(DATE(2026,3,1),1))-MAX($J11,DATE(2026,3,1)))*$G11/($K11-$J11))) -> 8300.38 | O11: =IF(OR($J11="",$K11="",$G11=""),0,IF($K11<=$J11,IF(AND($J11>=DATE(2026,4,1),$J11<EDATE(DATE(2026,4,1),1),TODAY()>=$J11),$G11,0),MAX(0,MIN(IF(TODAY()>$K11,$K11,TODAY()),EDATE(DATE(2026,4,1),1))-MAX($J11,DATE(2026,4,1)))*$G11/($K11-$J11))) -> 0 | P11: =IF(OR($J11="",$K11="",$G11=""),0,IF($K11<=$J11,IF(AND($J11>=DATE(2026,5,1),$J11<EDATE(DATE(2026,5,1),1),TODAY()>=$J11),$G11,0),MAX(0,MIN(IF(TODAY()>$K11,$K11,TODAY()),EDATE(DATE(2026,5,1),1))-MAX($J11,DATE(2026,5,1)))*$G11/($K11-$J11))) -> 0 | Q11: =IF(OR($J11="",$K11="",$G11=""),0,IF($K11<=$J11,IF(AND($J11>=DATE(2026,6,1),$J11<EDATE(DATE(2026,5,1),1),TODAY()>=$J11),$G11,0),MAX(0,MIN(IF(TODAY()>$K11,$K11,TODAY()),EDATE(DATE(2026,6,1),1))-MAX($J11,DATE(2026,6,1)))*$G11/($K11-$J11))) -> 0 | R11: =SUMIF(Tableau!$A:$A,$A11,Tableau!E:E) -> #N/A | S11: =SUMIF(Tableau!$A:$A,$A11,Tableau!F:F) -> #N/A | T11: =SUMIF(Tableau!$A:$A,$A11,Tableau!G:G) -> #N/A | U11: =SUMIF(Tableau!$A:$A,$A11,Tableau!H:H) -> #N/A | V11: =SUMIF(Tableau!$A:$A,$A11,Tableau!I:I) -> #N/A | W11: =SUMIF(Tableau!$A:$A,$A11,Tableau!J:J) -> #N/A | X11: =SUMIF(Tableau!$A:$A,$A11,Tableau!P:P) -> #N/A | Y11: =SUMIF(Tableau!$A:$A,$A11,Tableau!Q:Q) -> #N/A | Z11: =SUMIF(Tableau!$A:$A,$A11,Tableau!R:R) -> #N/A | AA11: =SUMIF(Tableau!$A:$A,$A11,Tableau!S:S) -> #N/A | AB11: =SUMIF(Tableau!$A:$A,$A11,Tableau!T:T) -> #N/A | AC11: =SUMIF(Tableau!$A:$A,$A11,Tableau!U:U) -> #N/A | AL11: =SUM(AF11:AK11) -> 0 | CF11: =IFERROR(BT11/BZ11,0) -> 0 | CG11: =IFERROR(BU11/CA11,0) -> 0 | CH11: =IFERROR(BV11/CB11,0) -> 0 | CI11: =IFERROR(BW11/CC11,0) -> 0 | CJ11: =IFERROR(BX11/CD11,0) -> 0 | CK11: =IFERROR(BY11/CE11,0) -> 0
A12: =Data2026!A18 -> rocketlink | B12: =Data2026!B18 -> 46082 | C12: =Data2026!C18 -> Fixed | D12: =Data2026!D18 -> rocketlink | E12: =Data2026!E18 -> Nugi | F12: =Data2026!F18 -> 46082 | G12: =Data2026!G18 -> 1500 | H12: =Data2026!H18 -> Finished | ... K12: =Data2026!K18 -> 46112 | L12: =IF(OR($J12="",$K12="",$G12=""),0,IF($K12<=$J12,IF(AND($J12>=DATE(2026,1,1),$J12<EDATE(DATE(2026,1,1),1),TODAY()>=$J12),$G12,0),MAX(0,MIN(IF(TODAY()>$K12,$K12,TODAY()),EDATE(DATE(2026,1,1),1))-MAX($J12,DATE(2026,1,1)))*$G12/($K12-$J12))) -> 0 | M12: =IF(OR($J12="",$K12="",$G12=""),0,IF($K12<=$J12,IF(AND($J12>=DATE(2026,2,1),$J12<EDATE(DATE(2026,2,1),1),TODAY()>=$J12),$G12,0),MAX(0,MIN(IF(TODAY()>$K12,$K12,TODAY()),EDATE(DATE(2026,2,1),1))-MAX($J12,DATE(2026,2,1)))*$G12/($K12-$J12))) -> 0 | N12: =IF(OR($J12="",$K12="",$G12=""),0,IF($K12<=$J12,IF(AND($J12>=DATE(2026,3,1),$J12<EDATE(DATE(2026,3,1),1),TODAY()>=$J12),$G12,0),MAX(0,MIN(IF(TODAY()>$K12,$K12,TODAY()),EDATE(DATE(2026,3,1),1))-MAX($J12,DATE(2026,3,1)))*$G12/($K12-$J12))) -> 1500 | O12: =IF(OR($J12="",$K12="",$G12=""),0,IF($K12<=$J12,IF(AND($J12>=DATE(2026,4,1),$J12<EDATE(DATE(2026,4,1),1),TODAY()>=$J12),$G12,0),MAX(0,MIN(IF(TODAY()>$K12,$K12,TODAY()),EDATE(DATE(2026,4,1),1))-MAX($J12,DATE(2026,4,1)))*$G12/($K12-$J12))) -> 0 | P12: =IF(OR($J12="",$K12="",$G12=""),0,IF($K12<=$J12,IF(AND($J12>=DATE(2026,5,1),$J12<EDATE(DATE(2026,5,1),1),TODAY()>=$J12),$G12,0),MAX(0,MIN(IF(TODAY()>$K12,$K12,TODAY()),EDATE(DATE(2026,5,1),1))-MAX($J12,DATE(2026,5,1)))*$G12/($K12-$J12))) -> 0 | Q12: =IF(OR($J12="",$K12="",$G12=""),0,IF($K12<=$J12,IF(AND($J12>=DATE(2026,6,1),$J12<EDATE(DATE(2026,5,1),1),TODAY()>=$J12),$G12,0),MAX(0,MIN(IF(TODAY()>$K12,$K12,TODAY()),EDATE(DATE(2026,6,1),1))-MAX($J12,DATE(2026,6,1)))*$G12/($K12-$J12))) -> 0 | R12: =SUMIF(Tableau!$A:$A,$A12,Tableau!E:E) -> #N/A | S12: =SUMIF(Tableau!$A:$A,$A12,Tableau!F:F) -> #N/A | T12: =SUMIF(Tableau!$A:$A,$A12,Tableau!G:G) -> #N/A | U12: =SUMIF(Tableau!$A:$A,$A12,Tableau!H:H) -> #N/A | V12: =SUMIF(Tableau!$A:$A,$A12,Tableau!I:I) -> #N/A | W12: =SUMIF(Tableau!$A:$A,$A12,Tableau!J:J) -> #N/A | X12: =SUMIF(Tableau!$A:$A,$A12,Tableau!P:P) -> #N/A | Y12: =SUMIF(Tableau!$A:$A,$A12,Tableau!Q:Q) -> #N/A | Z12: =SUMIF(Tableau!$A:$A,$A12,Tableau!R:R) -> #N/A | AA12: =SUMIF(Tableau!$A:$A,$A12,Tableau!S:S) -> #N/A | AB12: =SUMIF(Tableau!$A:$A,$A12,Tableau!T:T) -> #N/A | AC12: =SUMIF(Tableau!$A:$A,$A12,Tableau!U:U) -> #N/A | AL12: =SUM(AF12:AK12) -> 0 | CF12: =IFERROR(BT12/BZ12,0) -> 0 | CG12: =IFERROR(BU12/CA12,0) -> 0 | CH12: =IFERROR(BV12/CB12,0) -> 0 | CI12: =IFERROR(BW12/CC12,0) -> 0 | CJ12: =IFERROR(BX12/CD12,0) -> 0 | CK12: =IFERROR(BY12/CE12,0) -> 0
A13: =Data2026!A19 -> bwisemedia | B13: =Data2026!B19 -> 46085 | C13: =Data2026!C19 -> Fixed | D13: =Data2026!D19 -> bwisemedia | E13: =Data2026!E19 -> Elene_Gh | F13: =Data2026!F19 -> 46085 | G13: =Data2026!G19 -> 3062.32 | H13: =Data2026!H19 -> Finished | ... K13: =Data2026!K19 -> 46115 | L13: =IF(OR($J13="",$K13="",$G13=""),0,IF($K13<=$J13,IF(AND($J13>=DATE(2026,1,1),$J13<EDATE(DATE(2026,1,1),1),TODAY()>=$J13),$G13,0),MAX(0,MIN(IF(TODAY()>$K13,$K13,TODAY()),EDATE(DATE(2026,1,1),1))-MAX($J13,DATE(2026,1,1)))*$G13/($K13-$J13))) -> 0 | M13: =IF(OR($J13="",$K13="",$G13=""),0,IF($K13<=$J13,IF(AND($J13>=DATE(2026,2,1),$J13<EDATE(DATE(2026,2,1),1),TODAY()>=$J13),$G13,0),MAX(0,MIN(IF(TODAY()>$K13,$K13,TODAY()),EDATE(DATE(2026,2,1),1))-MAX($J13,DATE(2026,2,1)))*$G13/($K13-$J13))) -> 0 | N13: =IF(OR($J13="",$K13="",$G13=""),0,IF($K13<=$J13,IF(AND($J13>=DATE(2026,3,1),$J13<EDATE(DATE(2026,3,1),1),TODAY()>=$J13),$G13,0),MAX(0,MIN(IF(TODAY()>$K13,$K13,TODAY()),EDATE(DATE(2026,3,1),1))-MAX($J13,DATE(2026,3,1)))*$G13/($K13-$J13))) -> 2858.1653 | O13: =IF(OR($J13="",$K13="",$G13=""),0,IF($K13<=$J13,IF(AND($J13>=DATE(2026,4,1),$J13<EDATE(DATE(2026,4,1),1),TODAY()>=$J13),$G13,0),MAX(0,MIN(IF(TODAY()>$K13,$K13,TODAY()),EDATE(DATE(2026,4,1),1))-MAX($J13,DATE(2026,4,1)))*$G13/($K13-$J13))) -> 204.15467 | P13: =IF(OR($J13="",$K13="",$G13=""),0,IF($K13<=$J13,IF(AND($J13>=DATE(2026,5,1),$J13<EDATE(DATE(2026,5,1),1),TODAY()>=$J13),$G13,0),MAX(0,MIN(IF(TODAY()>$K13,$K13,TODAY()),EDATE(DATE(2026,5,1),1))-MAX($J13,DATE(2026,5,1)))*$G13/($K13-$J13))) -> 0 | Q13: =IF(OR($J13="",$K13="",$G13=""),0,IF($K13<=$J13,IF(AND($J13>=DATE(2026,6,1),$J13<EDATE(DATE(2026,5,1),1),TODAY()>=$J13),$G13,0),MAX(0,MIN(IF(TODAY()>$K13,$K13,TODAY()),EDATE(DATE(2026,6,1),1))-MAX($J13,DATE(2026,6,1)))*$G13/($K13-$J13))) -> 0 | R13: =SUMIF(Tableau!$A:$A,$A13,Tableau!E:E) -> #N/A | S13: =SUMIF(Tableau!$A:$A,$A13,Tableau!F:F) -> #N/A | T13: =SUMIF(Tableau!$A:$A,$A13,Tableau!G:G) -> #N/A | U13: =SUMIF(Tableau!$A:$A,$A13,Tableau!H:H) -> #N/A | V13: =SUMIF(Tableau!$A:$A,$A13,Tableau!I:I) -> #N/A | W13: =SUMIF(Tableau!$A:$A,$A13,Tableau!J:J) -> #N/A | X13: =SUMIF(Tableau!$A:$A,$A13,Tableau!P:P) -> #N/A | Y13: =SUMIF(Tableau!$A:$A,$A13,Tableau!Q:Q) -> #N/A | Z13: =SUMIF(Tableau!$A:$A,$A13,Tableau!R:R) -> #N/A | AA13: =SUMIF(Tableau!$A:$A,$A13,Tableau!S:S) -> #N/A | AB13: =SUMIF(Tableau!$A:$A,$A13,Tableau!T:T) -> #N/A | AC13: =SUMIF(Tableau!$A:$A,$A13,Tableau!U:U) -> #N/A | AL13: =SUM(AF13:AK13) -> 0 | AV13: Total | CF13: =IFERROR(BT13/BZ13,0) -> 0 | CG13: =IFERROR(BU13/CA13,0) -> 0 | CH13: =IFERROR(BV13/CB13,0) -> 0 | CI13: =IFERROR(BW13/CC13,0) -> 0 | CJ13: =IFERROR(BX13/CD13,0) -> 0 | CK13: =IFERROR(BY13/CE13,0) -> 0
A14: =Data2026!A20 -> andriiparfenov1 | B14: =Data2026!B20 -> 46091 | C14: =Data2026!C20 -> CPA | D14: =Data2026!D20 -> andriiparfenov1 | E14: =Data2026!E20 -> Elene_Gh | F14: =Data2026!F20 -> 46091 | G14: =Data2026!G20 -> 400 | H14: =Data2026!H20 -> Finished | ... K14: =Data2026!K20 -> 46121 | L14: =IF(OR($J14="",$K14="",$G14=""),0,IF($K14<=$J14,IF(AND($J14>=DATE(2026,1,1),$J14<EDATE(DATE(2026,1,1),1),TODAY()>=$J14),$G14,0),MAX(0,MIN(IF(TODAY()>$K14,$K14,TODAY()),EDATE(DATE(2026,1,1),1))-MAX($J14,DATE(2026,1,1)))*$G14/($K14-$J14))) -> 0 | M14: =IF(OR($J14="",$K14="",$G14=""),0,IF($K14<=$J14,IF(AND($J14>=DATE(2026,2,1),$J14<EDATE(DATE(2026,2,1),1),TODAY()>=$J14),$G14,0),MAX(0,MIN(IF(TODAY()>$K14,$K14,TODAY()),EDATE(DATE(2026,2,1),1))-MAX($J14,DATE(2026,2,1)))*$G14/($K14-$J14))) -> 0 | N14: =IF(OR($J14="",$K14="",$G14=""),0,IF($K14<=$J14,IF(AND($J14>=DATE(2026,3,1),$J14<EDATE(DATE(2026,3,1),1),TODAY()>=$J14),$G14,0),MAX(0,MIN(IF(TODAY()>$K14,$K14,TODAY()),EDATE(DATE(2026,3,1),1))-MAX($J14,DATE(2026,3,1)))*$G14/($K14-$J14))) -> 293.33333 | O14: =IF(OR($J14="",$K14="",$G14=""),0,IF($K14<=$J14,IF(AND($J14>=DATE(2026,4,1),$J14<EDATE(DATE(2026,4,1),1),TODAY()>=$J14),$G14,0),MAX(0,MIN(IF(TODAY()>$K14,$K14,TODAY()),EDATE(DATE(2026,4,1),1))-MAX($J14,DATE(2026,4,1)))*$G14/($K14-$J14))) -> 106.66667 | P14: =IF(OR($J14="",$K14="",$G14=""),0,IF($K14<=$J14,IF(AND($J14>=DATE(2026,5,1),$J14<EDATE(DATE(2026,5,1),1),TODAY()>=$J14),$G14,0),MAX(0,MIN(IF(TODAY()>$K14,$K14,TODAY()),EDATE(DATE(2026,5,1),1))-MAX($J14,DATE(2026,5,1)))*$G14/($K14-$J14))) -> 0 | Q14: =IF(OR($J14="",$K14="",$G14=""),0,IF($K14<=$J14,IF(AND($J14>=DATE(2026,6,1),$J14<EDATE(DATE(2026,5,1),1),TODAY()>=$J14),$G14,0),MAX(0,MIN(IF(TODAY()>$K14,$K14,TODAY()),EDATE(DATE(2026,6,1),1))-MAX($J14,DATE(2026,6,1)))*$G14/($K14-$J14))) -> 0 | R14: =SUMIF(Tableau!$A:$A,$A14,Tableau!E:E) -> #N/A | S14: =SUMIF(Tableau!$A:$A,$A14,Tableau!F:F) -> #N/A | T14: =SUMIF(Tableau!$A:$A,$A14,Tableau!G:G) -> #N/A | U14: =SUMIF(Tableau!$A:$A,$A14,Tableau!H:H) -> #N/A | V14: =SUMIF(Tableau!$A:$A,$A14,Tableau!I:I) -> #N/A | W14: =SUMIF(Tableau!$A:$A,$A14,Tableau!J:J) -> #N/A | X14: =SUMIF(Tableau!$A:$A,$A14,Tableau!P:P) -> #N/A | Y14: =SUMIF(Tableau!$A:$A,$A14,Tableau!Q:Q) -> #N/A | Z14: =SUMIF(Tableau!$A:$A,$A14,Tableau!R:R) -> #N/A | AA14: =SUMIF(Tableau!$A:$A,$A14,Tableau!S:S) -> #N/A | AB14: =SUMIF(Tableau!$A:$A,$A14,Tableau!T:T) -> #N/A | AC14: =SUMIF(Tableau!$A:$A,$A14,Tableau!U:U) -> #N/A | AL14: =SUM(AF14:AK14) -> 0 | AV14: =SUM(AP14:AU14) -> 0 | BH14: INFLUENCE CPA | CF14: =IFERROR(BT14/BZ14,0) -> 0 | CG14: =IFERROR(BU14/CA14,0) -> 0 | CH14: =IFERROR(BV14/CB14,0) -> 0 | CI14: =IFERROR(BW14/CC14,0) -> 0 | CJ14: =IFERROR(BX14/CD14,0) -> 0 | CK14: =IFERROR(BY14/CE14,0) -> 0
A15: =Data2026!A21 -> DappCentre | B15: =Data2026!B21 -> 46093 | C15: =Data2026!C21 -> Fixed | D15: =Data2026!D21 -> DappCentre | E15: =Data2026!E21 -> Nini_B | F15: =Data2026!F21 -> 46093 | G15: =Data2026!G21 -> 1423.29 | H15: =Data2026!H21 -> Finished | ... K15: =Data2026!K21 -> 46213 | L15: =IF(OR($J15="",$K15="",$G15=""),0,IF($K15<=$J15,IF(AND($J15>=DATE(2026,1,1),$J15<EDATE(DATE(2026,1,1),1),TODAY()>=$J15),$G15,0),MAX(0,MIN(IF(TODAY()>$K15,$K15,TODAY()),EDATE(DATE(2026,1,1),1))-MAX($J15,DATE(2026,1,1)))*$G15/($K15-$J15))) -> 0 | M15: =IF(OR($J15="",$K15="",$G15=""),0,IF($K15<=$J15,IF(AND($J15>=DATE(2026,2,1),$J15<EDATE(DATE(2026,2,1),1),TODAY()>=$J15),$G15,0),MAX(0,MIN(IF(TODAY()>$K15,$K15,TODAY()),EDATE(DATE(2026,2,1),1))-MAX($J15,DATE(2026,2,1)))*$G15/($K15-$J15))) -> 0 | N15: =IF(OR($J15="",$K15="",$G15=""),0,IF($K15<=$J15,IF(AND($J15>=DATE(2026,3,1),$J15<EDATE(DATE(2026,3,1),1),TODAY()>=$J15),$G15,0),MAX(0,MIN(IF(TODAY()>$K15,$K15,TODAY()),EDATE(DATE(2026,3,1),1))-MAX($J15,DATE(2026,3,1)))*$G15/($K15-$J15))) -> 237.215 | O15: =IF(OR($J15="",$K15="",$G15=""),0,IF($K15<=$J15,IF(AND($J15>=DATE(2026,4,1),$J15<EDATE(DATE(2026,4,1),1),TODAY()>=$J15),$G15,0),MAX(0,MIN(IF(TODAY()>$K15,$K15,TODAY()),EDATE(DATE(2026,4,1),1))-MAX($J15,DATE(2026,4,1)))*$G15/($K15-$J15))) -> 355.8225 | P15: =IF(OR($J15="",$K15="",$G15=""),0,IF($K15<=$J15,IF(AND($J15>=DATE(2026,5,1),$J15<EDATE(DATE(2026,5,1),1),TODAY()>=$J15),$G15,0),MAX(0,MIN(IF(TODAY()>$K15,$K15,TODAY()),EDATE(DATE(2026,5,1),1))-MAX($J15,DATE(2026,5,1)))*$G15/($K15-$J15))) -> 367.68325 | Q15: =IF(OR($J15="",$K15="",$G15=""),0,IF($K15<=$J15,IF(AND($J15>=DATE(2026,6,1),$J15<EDATE(DATE(2026,5,1),1),TODAY()>=$J15),$G15,0),MAX(0,MIN(IF(TODAY()>$K15,$K15,TODAY()),EDATE(DATE(2026,6,1),1))-MAX($J15,DATE(2026,6,1)))*$G15/($K15-$J15))) -> 355.8225 | R15: =SUMIF(Tableau!$A:$A,$A15,Tableau!E:E) -> #N/A | S15: =SUMIF(Tableau!$A:$A,$A15,Tableau!F:F) -> #N/A | T15: =SUMIF(Tableau!$A:$A,$A15,Tableau!G:G) -> #N/A | U15: =SUMIF(Tableau!$A:$A,$A15,Tableau!H:H) -> #N/A | V15: =SUMIF(Tableau!$A:$A,$A15,Tableau!I:I) -> #N/A | W15: =SUMIF(Tableau!$A:$A,$A15,Tableau!J:J) -> #N/A | X15: =SUMIF(Tableau!$A:$A,$A15,Tableau!P:P) -> #N/A | Y15: =SUMIF(Tableau!$A:$A,$A15,Tableau!Q:Q) -> #N/A | Z15: =SUMIF(Tableau!$A:$A,$A15,Tableau!R:R) -> #N/A | AA15: =SUMIF(Tableau!$A:$A,$A15,Tableau!S:S) -> #N/A | AB15: =SUMIF(Tableau!$A:$A,$A15,Tableau!T:T) -> #N/A | AC15: =SUMIF(Tableau!$A:$A,$A15,Tableau!U:U) -> #N/A | AL15: =SUM(AF15:AK15) -> 0 | AV15: =SUM(AP15:AU15) -> 0 | BF15: Total | BI15: January CPA | BJ15: February CPA | BK15: March CPA | BL15: April CPA | BM15: May CPA | BN15: June CPA | BO15: Total | CF15: =IFERROR(BT15/BZ15,0) -> 0 | CG15: =IFERROR(BU15/CA15,0) -> 0 | CH15: =IFERROR(BV15/CB15,0) -> 0 | CI15: =IFERROR(BW15/CC15,0) -> 0 | CJ15: =IFERROR(BX15/CD15,0) -> 0 | CK15: =IFERROR(BY15/CE15,0) -> 0
A16: =Data2026!A22 -> Ricardoc24 | B16: =Data2026!B22 -> 46094 | C16: =Data2026!C22 -> Fixed | D16: =Data2026!D22 -> Ricardoc24 | E16: =Data2026!E22 -> Nini_B | F16: =Data2026!F22 -> 46094 | G16: =Data2026!G22 | H16: =Data2026!H22 -> Finished | ... K16: =Data2026!K22 -> 46124 | L16: =IF(OR($J16="",$K16="",$G16=""),0,IF($K16<=$J16,IF(AND($J16>=DATE(2026,1,1),$J16<EDATE(DATE(2026,1,1),1),TODAY()>=$J16),$G16,0),MAX(0,MIN(IF(TODAY()>$K16,$K16,TODAY()),EDATE(DATE(2026,1,1),1))-MAX($J16,DATE(2026,1,1)))*$G16/($K16-$J16))) -> 0 | M16: =IF(OR($J16="",$K16="",$G16=""),0,IF($K16<=$J16,IF(AND($J16>=DATE(2026,2,1),$J16<EDATE(DATE(2026,2,1),1),TODAY()>=$J16),$G16,0),MAX(0,MIN(IF(TODAY()>$K16,$K16,TODAY()),EDATE(DATE(2026,2,1),1))-MAX($J16,DATE(2026,2,1)))*$G16/($K16-$J16))) -> 0 | N16: =IF(OR($J16="",$K16="",$G16=""),0,IF($K16<=$J16,IF(AND($J16>=DATE(2026,3,1),$J16<EDATE(DATE(2026,3,1),1),TODAY()>=$J16),$G16,0),MAX(0,MIN(IF(TODAY()>$K16,$K16,TODAY()),EDATE(DATE(2026,3,1),1))-MAX($J16,DATE(2026,3,1)))*$G16/($K16-$J16))) -> 0 | O16: =IF(OR($J16="",$K16="",$G16=""),0,IF($K16<=$J16,IF(AND($J16>=DATE(2026,4,1),$J16<EDATE(DATE(2026,4,1),1),TODAY()>=$J16),$G16,0),MAX(0,MIN(IF(TODAY()>$K16,$K16,TODAY()),EDATE(DATE(2026,4,1),1))-MAX($J16,DATE(2026,4,1)))*$G16/($K16-$J16))) -> 0 | P16: =IF(OR($J16="",$K16="",$G16=""),0,IF($K16<=$J16,IF(AND($J16>=DATE(2026,5,1),$J16<EDATE(DATE(2026,5,1),1),TODAY()>=$J16),$G16,0),MAX(0,MIN(IF(TODAY()>$K16,$K16,TODAY()),EDATE(DATE(2026,5,1),1))-MAX($J16,DATE(2026,5,1)))*$G16/($K16-$J16))) -> 0 | Q16: =IF(OR($J16="",$K16="",$G16=""),0,IF($K16<=$J16,IF(AND($J16>=DATE(2026,6,1),$J16<EDATE(DATE(2026,5,1),1),TODAY()>=$J16),$G16,0),MAX(0,MIN(IF(TODAY()>$K16,$K16,TODAY()),EDATE(DATE(2026,6,1),1))-MAX($J16,DATE(2026,6,1)))*$G16/($K16-$J16))) -> 0 | R16: =SUMIF(Tableau!$A:$A,$A16,Tableau!E:E) -> #N/A | S16: =SUMIF(Tableau!$A:$A,$A16,Tableau!F:F) -> #N/A | T16: =SUMIF(Tableau!$A:$A,$A16,Tableau!G:G) -> #N/A | U16: =SUMIF(Tableau!$A:$A,$A16,Tableau!H:H) -> #N/A | V16: =SUMIF(Tableau!$A:$A,$A16,Tableau!I:I) -> #N/A | W16: =SUMIF(Tableau!$A:$A,$A16,Tableau!J:J) -> #N/A | X16: =SUMIF(Tableau!$A:$A,$A16,Tableau!P:P) -> #N/A | Y16: =SUMIF(Tableau!$A:$A,$A16,Tableau!Q:Q) -> #N/A | Z16: =SUMIF(Tableau!$A:$A,$A16,Tableau!R:R) -> #N/A | AA16: =SUMIF(Tableau!$A:$A,$A16,Tableau!S:S) -> #N/A | AB16: =SUMIF(Tableau!$A:$A,$A16,Tableau!T:T) -> #N/A | AC16: =SUMIF(Tableau!$A:$A,$A16,Tableau!U:U) -> #N/A | AL16: =SUM(AF16:AK16) -> 0 | AV16: =SUM(AP16:AU16) -> 686.9 | BF16: =SUM(AZ16:BE16) -> #N/A | BH16: migzparcerias | BI16: 0 | BJ16: 0 | BK16: 105.63063 | BL16: 86.731392 | BM16: 0 | BN16: 0 | BO16: 48.976608 | CF16: =IFERROR(BT16/BZ16,0) -> 0 | CG16: =IFERROR(BU16/CA16,0) -> 0 | CH16: =IFERROR(BV16/CB16,0) -> 0 | CI16: =IFERROR(BW16/CC16,0) -> 0 | CJ16: =IFERROR(BX16/CD16,0) -> 0 | CK16: =IFERROR(BY16/CE16,0) -> 0
A17: =Data2026!A23 -> Valek | B17: =Data2026!B23 -> 46094 | C17: =Data2026!C23 -> Fixed | D17: =Data2026!D23 -> Valek | E17: =Data2026!E23 -> Nini_B | F17: =Data2026!F23 -> 46094 | G17: =Data2026!G23 -> 2700.59 | H17: =Data2026!H23 -> Finished | ... K17: =Data2026!K23 -> 46124 | L17: =IF(OR($J17="",$K17="",$G17=""),0,IF($K17<=$J17,IF(AND($J17>=DATE(2026,1,1),$J17<EDATE(DATE(2026,1,1),1),TODAY()>=$J17),$G17,0),MAX(0,MIN(IF(TODAY()>$K17,$K17,TODAY()),EDATE(DATE(2026,1,1),1))-MAX($J17,DATE(2026,1,1)))*$G17/($K17-$J17))) -> 0 | M17: =IF(OR($J17="",$K17="",$G17=""),0,IF($K17<=$J17,IF(AND($J17>=DATE(2026,2,1),$J17<EDATE(DATE(2026,2,1),1),TODAY()>=$J17),$G17,0),MAX(0,MIN(IF(TODAY()>$K17,$K17,TODAY()),EDATE(DATE(2026,2,1),1))-MAX($J17,DATE(2026,2,1)))*$G17/($K17-$J17))) -> 0 | N17: =IF(OR($J17="",$K17="",$G17=""),0,IF($K17<=$J17,IF(AND($J17>=DATE(2026,3,1),$J17<EDATE(DATE(2026,3,1),1),TODAY()>=$J17),$G17,0),MAX(0,MIN(IF(TODAY()>$K17,$K17,TODAY()),EDATE(DATE(2026,3,1),1))-MAX($J17,DATE(2026,3,1)))*$G17/($K17-$J17))) -> 1710.3737 | O17: =IF(OR($J17="",$K17="",$G17=""),0,IF($K17<=$J17,IF(AND($J17>=DATE(2026,4,1),$J17<EDATE(DATE(2026,4,1),1),TODAY()>=$J17),$G17,0),MAX(0,MIN(IF(TODAY()>$K17,$K17,TODAY()),EDATE(DATE(2026,4,1),1))-MAX($J17,DATE(2026,4,1)))*$G17/($K17-$J17))) -> 990.21633 | P17: =IF(OR($J17="",$K17="",$G17=""),0,IF($K17<=$J17,IF(AND($J17>=DATE(2026,5,1),$J17<EDATE(DATE(2026,5,1),1),TODAY()>=$J17),$G17,0),MAX(0,MIN(IF(TODAY()>$K17,$K17,TODAY()),EDATE(DATE(2026,5,1),1))-MAX($J17,DATE(2026,5,1)))*$G17/($K17-$J17))) -> 0 | Q17: =IF(OR($J17="",$K17="",$G17=""),0,IF($K17<=$J17,IF(AND($J17>=DATE(2026,6,1),$J17<EDATE(DATE(2026,5,1),1),TODAY()>=$J17),$G17,0),MAX(0,MIN(IF(TODAY()>$K17,$K17,TODAY()),EDATE(DATE(2026,6,1),1))-MAX($J17,DATE(2026,6,1)))*$G17/($K17-$J17))) -> 0 | R17: =SUMIF(Tableau!$A:$A,$A17,Tableau!E:E) -> #N/A | S17: =SUMIF(Tableau!$A:$A,$A17,Tableau!F:F) -> #N/A | T17: =SUMIF(Tableau!$A:$A,$A17,Tableau!G:G) -> #N/A | U17: =SUMIF(Tableau!$A:$A,$A17,Tableau!H:H) -> #N/A | V17: =SUMIF(Tableau!$A:$A,$A17,Tableau!I:I) -> #N/A | W17: =SUMIF(Tableau!$A:$A,$A17,Tableau!J:J) -> #N/A | X17: =SUMIF(Tableau!$A:$A,$A17,Tableau!P:P) -> #N/A | Y17: =SUMIF(Tableau!$A:$A,$A17,Tableau!Q:Q) -> #N/A | Z17: =SUMIF(Tableau!$A:$A,$A17,Tableau!R:R) -> #N/A | AA17: =SUMIF(Tableau!$A:$A,$A17,Tableau!S:S) -> #N/A | AB17: =SUMIF(Tableau!$A:$A,$A17,Tableau!T:T) -> #N/A | AC17: =SUMIF(Tableau!$A:$A,$A17,Tableau!U:U) -> #N/A | AL17: =SUM(AF17:AK17) -> 0 | AV17: =SUM(AP17:AU17) -> 580.67 | BF17: =SUM(AZ17:BE17) -> #N/A | BH17: Naqo | BI17: 0 | BJ17: 0 | BK17: 0 | BL17: 0 | BM17: 0 | BN17: 11.860625 | BO17: 11.860625 | CF17: =IFERROR(BT17/BZ17,0) -> 0 | CG17: =IFERROR(BU17/CA17,0) -> 0 | CH17: =IFERROR(BV17/CB17,0) -> 0 | CI17: =IFERROR(BW17/CC17,0) -> 0 | CJ17: =IFERROR(BX17/CD17,0) -> 0 | CK17: =IFERROR(BY17/CE17,0) -> 0
A18: =Data2026!A24 -> trimics2 | B18: =Data2026!B24 -> 46094 | C18: =Data2026!C24 -> Fixed | D18: =Data2026!D24 -> trimics2 | E18: =Data2026!E24 -> Nini_B | F18: =Data2026!F24 -> 46094 | G18: =Data2026!G24 -> 3479.61 | H18: =Data2026!H24 -> Finished | ... K18: =Data2026!K24 -> 46124 | L18: =IF(OR($J18="",$K18="",$G18=""),0,IF($K18<=$J18,IF(AND($J18>=DATE(2026,1,1),$J18<EDATE(DATE(2026,1,1),1),TODAY()>=$J18),$G18,0),MAX(0,MIN(IF(TODAY()>$K18,$K18,TODAY()),EDATE(DATE(2026,1,1),1))-MAX($J18,DATE(2026,1,1)))*$G18/($K18-$J18))) -> 0 | M18: =IF(OR($J18="",$K18="",$G18=""),0,IF($K18<=$J18,IF(AND($J18>=DATE(2026,2,1),$J18<EDATE(DATE(2026,2,1),1),TODAY()>=$J18),$G18,0),MAX(0,MIN(IF(TODAY()>$K18,$K18,TODAY()),EDATE(DATE(2026,2,1),1))-MAX($J18,DATE(2026,2,1)))*$G18/($K18-$J18))) -> 0 | N18: =IF(OR($J18="",$K18="",$G18=""),0,IF($K18<=$J18,IF(AND($J18>=DATE(2026,3,1),$J18<EDATE(DATE(2026,3,1),1),TODAY()>=$J18),$G18,0),MAX(0,MIN(IF(TODAY()>$K18,$K18,TODAY()),EDATE(DATE(2026,3,1),1))-MAX($J18,DATE(2026,3,1)))*$G18/($K18-$J18))) -> 2203.753 | O18: =IF(OR($J18="",$K18="",$G18=""),0,IF($K18<=$J18,IF(AND($J18>=DATE(2026,4,1),$J18<EDATE(DATE(2026,4,1),1),TODAY()>=$J18),$G18,0),MAX(0,MIN(IF(TODAY()>$K18,$K18,TODAY()),EDATE(DATE(2026,4,1),1))-MAX($J18,DATE(2026,4,1)))*$G18/($K18-$J18))) -> 1275.857 | P18: =IF(OR($J18="",$K18="",$G18=""),0,IF($K18<=$J18,IF(AND($J18>=DATE(2026,5,1),$J18<EDATE(DATE(2026,5,1),1),TODAY()>=$J18),$G18,0),MAX(0,MIN(IF(TODAY()>$K18,$K18,TODAY()),EDATE(DATE(2026,5,1),1))-MAX($J18,DATE(2026,5,1)))*$G18/($K18-$J18))) -> 0 | Q18: =IF(OR($J18="",$K18="",$G18=""),0,IF($K18<=$J18,IF(AND($J18>=DATE(2026,6,1),$J18<EDATE(DATE(2026,5,1),1),TODAY()>=$J18),$G18,0),MAX(0,MIN(IF(TODAY()>$K18,$K18,TODAY()),EDATE(DATE(2026,6,1),1))-MAX($J18,DATE(2026,6,1)))*$G18/($K18-$J18))) -> 0 | R18: =SUMIF(Tableau!$A:$A,$A18,Tableau!E:E) -> #N/A | S18: =SUMIF(Tableau!$A:$A,$A18,Tableau!F:F) -> #N/A | T18: =SUMIF(Tableau!$A:$A,$A18,Tableau!G:G) -> #N/A | U18: =SUMIF(Tableau!$A:$A,$A18,Tableau!H:H) -> #N/A | V18: =SUMIF(Tableau!$A:$A,$A18,Tableau!I:I) -> #N/A | W18: =SUMIF(Tableau!$A:$A,$A18,Tableau!J:J) -> #N/A | X18: =SUMIF(Tableau!$A:$A,$A18,Tableau!P:P) -> #N/A | Y18: =SUMIF(Tableau!$A:$A,$A18,Tableau!Q:Q) -> #N/A | Z18: =SUMIF(Tableau!$A:$A,$A18,Tableau!R:R) -> #N/A | AA18: =SUMIF(Tableau!$A:$A,$A18,Tableau!S:S) -> #N/A | AB18: =SUMIF(Tableau!$A:$A,$A18,Tableau!T:T) -> #N/A | AC18: =SUMIF(Tableau!$A:$A,$A18,Tableau!U:U) -> #N/A | AL18: =SUM(AF18:AK18) -> 0 | AV18: =SUM(AP18:AU18) -> 8684.7826 | BF18: =SUM(AZ18:BE18) -> #N/A | BH18: Bbasher | BI18: 0 | BJ18: 0 | BK18: 0 | BL18: 0 | BM18: 335.96838 | BN18: 186.3354 | BO18: 222.82609 | CF18: =IFERROR(BT18/BZ18,0) -> 0 | CG18: =IFERROR(BU18/CA18,0) -> 0 | CH18: =IFERROR(BV18/CB18,0) -> 0 | CI18: =IFERROR(BW18/CC18,0) -> 0 | CJ18: =IFERROR(BX18/CD18,0) -> 0 | CK18: =IFERROR(BY18/CE18,0) -> 0
A19: =Data2026!A25 -> bboladin26 | B19: =Data2026!B25 -> 46094 | C19: =Data2026!C25 -> Fixed | D19: =Data2026!D25 -> bboladin26 | E19: =Data2026!E25 -> Nini_B | F19: =Data2026!F25 -> 46094 | G19: =Data2026!G25 | H19: =Data2026!H25 -> Finished | ... K19: =Data2026!K25 -> 46124 | L19: =IF(OR($J19="",$K19="",$G19=""),0,IF($K19<=$J19,IF(AND($J19>=DATE(2026,1,1),$J19<EDATE(DATE(2026,1,1),1),TODAY()>=$J19),$G19,0),MAX(0,MIN(IF(TODAY()>$K19,$K19,TODAY()),EDATE(DATE(2026,1,1),1))-MAX($J19,DATE(2026,1,1)))*$G19/($K19-$J19))) -> 0 | M19: =IF(OR($J19="",$K19="",$G19=""),0,IF($K19<=$J19,IF(AND($J19>=DATE(2026,2,1),$J19<EDATE(DATE(2026,2,1),1),TODAY()>=$J19),$G19,0),MAX(0,MIN(IF(TODAY()>$K19,$K19,TODAY()),EDATE(DATE(2026,2,1),1))-MAX($J19,DATE(2026,2,1)))*$G19/($K19-$J19))) -> 0 | N19: =IF(OR($J19="",$K19="",$G19=""),0,IF($K19<=$J19,IF(AND($J19>=DATE(2026,3,1),$J19<EDATE(DATE(2026,3,1),1),TODAY()>=$J19),$G19,0),MAX(0,MIN(IF(TODAY()>$K19,$K19,TODAY()),EDATE(DATE(2026,3,1),1))-MAX($J19,DATE(2026,3,1)))*$G19/($K19-$J19))) -> 0 | O19: =IF(OR($J19="",$K19="",$G19=""),0,IF($K19<=$J19,IF(AND($J19>=DATE(2026,4,1),$J19<EDATE(DATE(2026,4,1),1),TODAY()>=$J19),$G19,0),MAX(0,MIN(IF(TODAY()>$K19,$K19,TODAY()),EDATE(DATE(2026,4,1),1))-MAX($J19,DATE(2026,4,1)))*$G19/($K19-$J19))) -> 0 | P19: =IF(OR($J19="",$K19="",$G19=""),0,IF($K19<=$J19,IF(AND($J19>=DATE(2026,5,1),$J19<EDATE(DATE(2026,5,1),1),TODAY()>=$J19),$G19,0),MAX(0,MIN(IF(TODAY()>$K19,$K19,TODAY()),EDATE(DATE(2026,5,1),1))-MAX($J19,DATE(2026,5,1)))*$G19/($K19-$J19))) -> 0 | Q19: =IF(OR($J19="",$K19="",$G19=""),0,IF($K19<=$J19,IF(AND($J19>=DATE(2026,6,1),$J19<EDATE(DATE(2026,5,1),1),TODAY()>=$J19),$G19,0),MAX(0,MIN(IF(TODAY()>$K19,$K19,TODAY()),EDATE(DATE(2026,6,1),1))-MAX($J19,DATE(2026,6,1)))*$G19/($K19-$J19))) -> 0 | R19: =SUMIF(Tableau!$A:$A,$A19,Tableau!E:E) -> #N/A | S19: =SUMIF(Tableau!$A:$A,$A19,Tableau!F:F) -> #N/A | T19: =SUMIF(Tableau!$A:$A,$A19,Tableau!G:G) -> #N/A | U19: =SUMIF(Tableau!$A:$A,$A19,Tableau!H:H) -> #N/A | V19: =SUMIF(Tableau!$A:$A,$A19,Tableau!I:I) -> #N/A | W19: =SUMIF(Tableau!$A:$A,$A19,Tableau!J:J) -> #N/A | X19: =SUMIF(Tableau!$A:$A,$A19,Tableau!P:P) -> #N/A | Y19: =SUMIF(Tableau!$A:$A,$A19,Tableau!Q:Q) -> #N/A | Z19: =SUMIF(Tableau!$A:$A,$A19,Tableau!R:R) -> #N/A | AA19: =SUMIF(Tableau!$A:$A,$A19,Tableau!S:S) -> #N/A | AB19: =SUMIF(Tableau!$A:$A,$A19,Tableau!T:T) -> #N/A | AC19: =SUMIF(Tableau!$A:$A,$A19,Tableau!U:U) -> #N/A | AL19: Total | AV19: =SUM(AP19:AU19) -> 0 | BF19: =SUM(AZ19:BE19) -> #N/A | BH19: Xaloslots | BI19: 0 | BJ19: 0 | BK19: 0 | BL19: 0 | BM19: 0 | BN19: 125 | BO19: 125 | CF19: =IFERROR(BT19/BZ19,0) -> 0 | CG19: =IFERROR(BU19/CA19,0) -> 0 | CH19: =IFERROR(BV19/CB19,0) -> 0 | CI19: =IFERROR(BW19/CC19,0) -> 0 | CJ19: =IFERROR(BX19/CD19,0) -> 0 | CK19: =IFERROR(BY19/CE19,0) -> 0
A20: =Data2026!A26 -> Mavaads | B20: =Data2026!B26 -> 46098 | C20: =Data2026!C26 -> Fixed | D20: =Data2026!D26 -> Mavaads | E20: =Data2026!E26 -> Nugi | F20: =Data2026!F26 -> 46098 | G20: =Data2026!G26 -> 11000 | H20: =Data2026!H26 -> Finished | ... K20: =Data2026!K26 -> 46128 | L20: =IF(OR($J20="",$K20="",$G20=""),0,IF($K20<=$J20,IF(AND($J20>=DATE(2026,1,1),$J20<EDATE(DATE(2026,1,1),1),TODAY()>=$J20),$G20,0),MAX(0,MIN(IF(TODAY()>$K20,$K20,TODAY()),EDATE(DATE(2026,1,1),1))-MAX($J20,DATE(2026,1,1)))*$G20/($K20-$J20))) -> 0 | M20: =IF(OR($J20="",$K20="",$G20=""),0,IF($K20<=$J20,IF(AND($J20>=DATE(2026,2,1),$J20<EDATE(DATE(2026,2,1),1),TODAY()>=$J20),$G20,0),MAX(0,MIN(IF(TODAY()>$K20,$K20,TODAY()),EDATE(DATE(2026,2,1),1))-MAX($J20,DATE(2026,2,1)))*$G20/($K20-$J20))) -> 0 | N20: =IF(OR($J20="",$K20="",$G20=""),0,IF($K20<=$J20,IF(AND($J20>=DATE(2026,3,1),$J20<EDATE(DATE(2026,3,1),1),TODAY()>=$J20),$G20,0),MAX(0,MIN(IF(TODAY()>$K20,$K20,TODAY()),EDATE(DATE(2026,3,1),1))-MAX($J20,DATE(2026,3,1)))*$G20/($K20-$J20))) -> 5500 | O20: =IF(OR($J20="",$K20="",$G20=""),0,IF($K20<=$J20,IF(AND($J20>=DATE(2026,4,1),$J20<EDATE(DATE(2026,4,1),1),TODAY()>=$J20),$G20,0),MAX(0,MIN(IF(TODAY()>$K20,$K20,TODAY()),EDATE(DATE(2026,4,1),1))-MAX($J20,DATE(2026,4,1)))*$G20/($K20-$J20))) -> 5500 | P20: =IF(OR($J20="",$K20="",$G20=""),0,IF($K20<=$J20,IF(AND($J20>=DATE(2026,5,1),$J20<EDATE(DATE(2026,5,1),1),TODAY()>=$J20),$G20,0),MAX(0,MIN(IF(TODAY()>$K20,$K20,TODAY()),EDATE(DATE(2026,5,1),1))-MAX($J20,DATE(2026,5,1)))*$G20/($K20-$J20))) -> 0 | Q20: =IF(OR($J20="",$K20="",$G20=""),0,IF($K20<=$J20,IF(AND($J20>=DATE(2026,6,1),$J20<EDATE(DATE(2026,5,1),1),TODAY()>=$J20),$G20,0),MAX(0,MIN(IF(TODAY()>$K20,$K20,TODAY()),EDATE(DATE(2026,6,1),1))-MAX($J20,DATE(2026,6,1)))*$G20/($K20-$J20))) -> 0 | R20: =SUMIF(Tableau!$A:$A,$A20,Tableau!E:E) -> #N/A | S20: =SUMIF(Tableau!$A:$A,$A20,Tableau!F:F) -> #N/A | T20: =SUMIF(Tableau!$A:$A,$A20,Tableau!G:G) -> #N/A | U20: =SUMIF(Tableau!$A:$A,$A20,Tableau!H:H) -> #N/A | V20: =SUMIF(Tableau!$A:$A,$A20,Tableau!I:I) -> #N/A | W20: =SUMIF(Tableau!$A:$A,$A20,Tableau!J:J) -> #N/A | X20: =SUMIF(Tableau!$A:$A,$A20,Tableau!P:P) -> #N/A | Y20: =SUMIF(Tableau!$A:$A,$A20,Tableau!Q:Q) -> #N/A | Z20: =SUMIF(Tableau!$A:$A,$A20,Tableau!R:R) -> #N/A | AA20: =SUMIF(Tableau!$A:$A,$A20,Tableau!S:S) -> #N/A | AB20: =SUMIF(Tableau!$A:$A,$A20,Tableau!T:T) -> #N/A | AC20: =SUMIF(Tableau!$A:$A,$A20,Tableau!U:U) -> #N/A | AL20: =SUM(AF20:AK20) -> 0 | AV20: =SUM(AP20:AU20) -> 4000 | BF20: =SUM(AZ20:BE20) -> #N/A | BH20: Emaaslots | BI20: 0 | BJ20: 0 | BK20: 0 | BL20: 0 | BM20: 0 | BN20: 8.0731034 | BO20: 8.0731034 | CF20: =IFERROR(BT20/BZ20,0) -> 0 | CG20: =IFERROR(BU20/CA20,0) -> 0 | CH20: =IFERROR(BV20/CB20,0) -> 0 | CI20: =IFERROR(BW20/CC20,0) -> 0 | CJ20: =IFERROR(BX20/CD20,0) -> 0 | CK20: =IFERROR(BY20/CE20,0) -> 0
A21: =Data2026!A27 -> migzparcerias | B21: =Data2026!B27 -> 46099 | C21: =Data2026!C27 -> Fixed | D21: =Data2026!D27 -> migzparcerias | E21: =Data2026!E27 -> Nini_B | F21: =Data2026!F27 -> 27/06/2026 | G21: =Data2026!G27 -> 30850 | H21: =Data2026!H27 -> Finished | ... K21: =Data2026!K27 -> 46209 | L21: =IF(OR($J21="",$K21="",$G21=""),0,IF($K21<=$J21,IF(AND($J21>=DATE(2026,1,1),$J21<EDATE(DATE(2026,1,1),1),TODAY()>=$J21),$G21,0),MAX(0,MIN(IF(TODAY()>$K21,$K21,TODAY()),EDATE(DATE(2026,1,1),1))-MAX($J21,DATE(2026,1,1)))*$G21/($K21-$J21))) -> 0 | M21: =IF(OR($J21="",$K21="",$G21=""),0,IF($K21<=$J21,IF(AND($J21>=DATE(2026,2,1),$J21<EDATE(DATE(2026,2,1),1),TODAY()>=$J21),$G21,0),MAX(0,MIN(IF(TODAY()>$K21,$K21,TODAY()),EDATE(DATE(2026,2,1),1))-MAX($J21,DATE(2026,2,1)))*$G21/($K21-$J21))) -> 0 | N21: =IF(OR($J21="",$K21="",$G21=""),0,IF($K21<=$J21,IF(AND($J21>=DATE(2026,3,1),$J21<EDATE(DATE(2026,3,1),1),TODAY()>=$J21),$G21,0),MAX(0,MIN(IF(TODAY()>$K21,$K21,TODAY()),EDATE(DATE(2026,3,1),1))-MAX($J21,DATE(2026,3,1)))*$G21/($K21-$J21))) -> 3926.3636 | O21: =IF(OR($J21="",$K21="",$G21=""),0,IF($K21<=$J21,IF(AND($J21>=DATE(2026,4,1),$J21<EDATE(DATE(2026,4,1),1),TODAY()>=$J21),$G21,0),MAX(0,MIN(IF(TODAY()>$K21,$K21,TODAY()),EDATE(DATE(2026,4,1),1))-MAX($J21,DATE(2026,4,1)))*$G21/($K21-$J21))) -> 8413.6364 | P21: =IF(OR($J21="",$K21="",$G21=""),0,IF($K21<=$J21,IF(AND($J21>=DATE(2026,5,1),$J21<EDATE(DATE(2026,5,1),1),TODAY()>=$J21),$G21,0),MAX(0,MIN(IF(TODAY()>$K21,$K21,TODAY()),EDATE(DATE(2026,5,1),1))-MAX($J21,DATE(2026,5,1)))*$G21/($K21-$J21))) -> 8694.0909 | Q21: =IF(OR($J21="",$K21="",$G21=""),0,IF($K21<=$J21,IF(AND($J21>=DATE(2026,6,1),$J21<EDATE(DATE(2026,5,1),1),TODAY()>=$J21),$G21,0),MAX(0,MIN(IF(TODAY()>$K21,$K21,TODAY()),EDATE(DATE(2026,6,1),1))-MAX($J21,DATE(2026,6,1)))*$G21/($K21-$J21))) -> 8413.6364 | R21: =SUMIF(Tableau!$A:$A,$A21,Tableau!E:E) -> #N/A | S21: =SUMIF(Tableau!$A:$A,$A21,Tableau!F:F) -> #N/A | T21: =SUMIF(Tableau!$A:$A,$A21,Tableau!G:G) -> #N/A | U21: =SUMIF(Tableau!$A:$A,$A21,Tableau!H:H) -> #N/A | V21: =SUMIF(Tableau!$A:$A,$A21,Tableau!I:I) -> #N/A | W21: =SUMIF(Tableau!$A:$A,$A21,Tableau!J:J) -> #N/A | X21: =SUMIF(Tableau!$A:$A,$A21,Tableau!P:P) -> #N/A | Y21: =SUMIF(Tableau!$A:$A,$A21,Tableau!Q:Q) -> #N/A | Z21: =SUMIF(Tableau!$A:$A,$A21,Tableau!R:R) -> #N/A | AA21: =SUMIF(Tableau!$A:$A,$A21,Tableau!S:S) -> #N/A | AB21: =SUMIF(Tableau!$A:$A,$A21,Tableau!T:T) -> #N/A | AC21: =SUMIF(Tableau!$A:$A,$A21,Tableau!U:U) -> #N/A | AL21: =SUM(AF21:AK21) -> 0 | AV21: =SUM(AP21:AU21) -> 687.07 | BF21: =SUM(AZ21:BE21) -> #N/A | BH21: Cybertribe | BI21: 0 | BJ21: 0 | BK21: 0 | BL21: 0 | BM21: 520.83333 | BN21: 0 | BO21: 234.375 | CF21: =IFERROR(BT21/BZ21,0) -> 0 | CG21: =IFERROR(BU21/CA21,0) -> 0 | CH21: =IFERROR(BV21/CB21,0) -> 0 | CI21: =IFERROR(BW21/CC21,0) -> 0 | CJ21: =IFERROR(BX21/CD21,0) -> 0 | CK21: =IFERROR(BY21/CE21,0) -> 0
A22: =Data2026!A28 -> MrBooster | B22: =Data2026!B28 -> 46100 | C22: =Data2026!C28 -> Fixed | D22: =Data2026!D28 -> MrBooster | E22: =Data2026!E28 -> Nini_B | F22: =Data2026!F28 -> 46100 | G22: =Data2026!G28 -> 1663.78 | H22: =Data2026!H28 -> Finished | ... K22: =Data2026!K28 -> 46130 | L22: =IF(OR($J22="",$K22="",$G22=""),0,IF($K22<=$J22,IF(AND($J22>=DATE(2026,1,1),$J22<EDATE(DATE(2026,1,1),1),TODAY()>=$J22),$G22,0),MAX(0,MIN(IF(TODAY()>$K22,$K22,TODAY()),EDATE(DATE(2026,1,1),1))-MAX($J22,DATE(2026,1,1)))*$G22/($K22-$J22))) -> 0 | M22: =IF(OR($J22="",$K22="",$G22=""),0,IF($K22<=$J22,IF(AND($J22>=DATE(2026,2,1),$J22<EDATE(DATE(2026,2,1),1),TODAY()>=$J22),$G22,0),MAX(0,MIN(IF(TODAY()>$K22,$K22,TODAY()),EDATE(DATE(2026,2,1),1))-MAX($J22,DATE(2026,2,1)))*$G22/($K22-$J22))) -> 0 | N22: =IF(OR($J22="",$K22="",$G22=""),0,IF($K22<=$J22,IF(AND($J22>=DATE(2026,3,1),$J22<EDATE(DATE(2026,3,1),1),TODAY()>=$J22),$G22,0),MAX(0,MIN(IF(TODAY()>$K22,$K22,TODAY()),EDATE(DATE(2026,3,1),1))-MAX($J22,DATE(2026,3,1)))*$G22/($K22-$J22))) -> 720.97133 | O22: =IF(OR($J22="",$K22="",$G22=""),0,IF($K22<=$J22,IF(AND($J22>=DATE(2026,4,1),$J22<EDATE(DATE(2026,4,1),1),TODAY()>=$J22),$G22,0),MAX(0,MIN(IF(TODAY()>$K22,$K22,TODAY()),EDATE(DATE(2026,4,1),1))-MAX($J22,DATE(2026,4,1)))*$G22/($K22-$J22))) -> 942.80867 | P22: =IF(OR($J22="",$K22="",$G22=""),0,IF($K22<=$J22,IF(AND($J22>=DATE(2026,5,1),$J22<EDATE(DATE(2026,5,1),1),TODAY()>=$J22),$G22,0),MAX(0,MIN(IF(TODAY()>$K22,$K22,TODAY()),EDATE(DATE(2026,5,1),1))-MAX($J22,DATE(2026,5,1)))*$G22/($K22-$J22))) -> 0 | Q22: =IF(OR($J22="",$K22="",$G22=""),0,IF($K22<=$J22,IF(AND($J22>=DATE(2026,6,1),$J22<EDATE(DATE(2026,5,1),1),TODAY()>=$J22),$G22,0),MAX(0,MIN(IF(TODAY()>$K22,$K22,TODAY()),EDATE(DATE(2026,6,1),1))-MAX($J22,DATE(2026,6,1)))*$G22/($K22-$J22))) -> 0 | R22: =SUMIF(Tableau!$A:$A,$A22,Tableau!E:E) -> #N/A | S22: =SUMIF(Tableau!$A:$A,$A22,Tableau!F:F) -> #N/A | T22: =SUMIF(Tableau!$A:$A,$A22,Tableau!G:G) -> #N/A | U22: =SUMIF(Tableau!$A:$A,$A22,Tableau!H:H) -> #N/A | V22: =SUMIF(Tableau!$A:$A,$A22,Tableau!I:I) -> #N/A | W22: =SUMIF(Tableau!$A:$A,$A22,Tableau!J:J) -> #N/A | X22: =SUMIF(Tableau!$A:$A,$A22,Tableau!P:P) -> #N/A | Y22: =SUMIF(Tableau!$A:$A,$A22,Tableau!Q:Q) -> #N/A | Z22: =SUMIF(Tableau!$A:$A,$A22,Tableau!R:R) -> #N/A | AA22: =SUMIF(Tableau!$A:$A,$A22,Tableau!S:S) -> #N/A | AB22: =SUMIF(Tableau!$A:$A,$A22,Tableau!T:T) -> #N/A | AC22: =SUMIF(Tableau!$A:$A,$A22,Tableau!U:U) -> #N/A | AL22: =SUM(AF22:AK22) -> 0 | AV22: =SUM(AP22:AU22) -> 39.515667 | BF22: =SUM(AZ22:BE22) -> #N/A | BH22: DappCentre | BI22: 0 | BJ22: 0 | BK22: 0 | BL22: 0 | BM22: 0 | BN22: 0 | BO22: 68.907 | CF22: =IFERROR(BT22/BZ22,0) -> 0 | CG22: =IFERROR(BU22/CA22,0) -> 0 | CH22: =IFERROR(BV22/CB22,0) -> 0 | CI22: =IFERROR(BW22/CC22,0) -> 0 | CJ22: =IFERROR(BX22/CD22,0) -> 0 | CK22: =IFERROR(BY22/CE22,0) -> 0
A23: =#REF! -> #REF! | B23: =#REF! -> #REF! | C23: =#REF! -> #REF! | D23: =#REF! -> #REF! | E23: =#REF! -> #REF! | F23: =#REF! -> #REF! | G23: =#REF! -> #REF! | H23: =#REF! -> #REF! | ... K23: =#REF! -> #REF! | L23: =IF(OR($J23="",$K23="",$G23=""),0,IF($K23<=$J23,IF(AND($J23>=DATE(2026,1,1),$J23<EDATE(DATE(2026,1,1),1),TODAY()>=$J23),$G23,0),MAX(0,MIN(IF(TODAY()>$K23,$K23,TODAY()),EDATE(DATE(2026,1,1),1))-MAX($J23,DATE(2026,1,1)))*$G23/($K23-$J23))) -> #REF! | M23: =IF(OR($J23="",$K23="",$G23=""),0,IF($K23<=$J23,IF(AND($J23>=DATE(2026,2,1),$J23<EDATE(DATE(2026,2,1),1),TODAY()>=$J23),$G23,0),MAX(0,MIN(IF(TODAY()>$K23,$K23,TODAY()),EDATE(DATE(2026,2,1),1))-MAX($J23,DATE(2026,2,1)))*$G23/($K23-$J23))) -> #REF! | N23: =IF(OR($J23="",$K23="",$G23=""),0,IF($K23<=$J23,IF(AND($J23>=DATE(2026,3,1),$J23<EDATE(DATE(2026,3,1),1),TODAY()>=$J23),$G23,0),MAX(0,MIN(IF(TODAY()>$K23,$K23,TODAY()),EDATE(DATE(2026,3,1),1))-MAX($J23,DATE(2026,3,1)))*$G23/($K23-$J23))) -> #REF! | O23: =IF(OR($J23="",$K23="",$G23=""),0,IF($K23<=$J23,IF(AND($J23>=DATE(2026,4,1),$J23<EDATE(DATE(2026,4,1),1),TODAY()>=$J23),$G23,0),MAX(0,MIN(IF(TODAY()>$K23,$K23,TODAY()),EDATE(DATE(2026,4,1),1))-MAX($J23,DATE(2026,4,1)))*$G23/($K23-$J23))) -> #REF! | P23: =IF(OR($J23="",$K23="",$G23=""),0,IF($K23<=$J23,IF(AND($J23>=DATE(2026,5,1),$J23<EDATE(DATE(2026,5,1),1),TODAY()>=$J23),$G23,0),MAX(0,MIN(IF(TODAY()>$K23,$K23,TODAY()),EDATE(DATE(2026,5,1),1))-MAX($J23,DATE(2026,5,1)))*$G23/($K23-$J23))) -> #REF! | Q23: =IF(OR($J23="",$K23="",$G23=""),0,IF($K23<=$J23,IF(AND($J23>=DATE(2026,6,1),$J23<EDATE(DATE(2026,5,1),1),TODAY()>=$J23),$G23,0),MAX(0,MIN(IF(TODAY()>$K23,$K23,TODAY()),EDATE(DATE(2026,6,1),1))-MAX($J23,DATE(2026,6,1)))*$G23/($K23-$J23))) -> #REF! | R23: =SUMIF(Tableau!$A:$A,$A23,Tableau!E:E) -> #N/A | S23: =SUMIF(Tableau!$A:$A,$A23,Tableau!F:F) -> #N/A | T23: =SUMIF(Tableau!$A:$A,$A23,Tableau!G:G) -> #N/A | U23: =SUMIF(Tableau!$A:$A,$A23,Tableau!H:H) -> #N/A | V23: =SUMIF(Tableau!$A:$A,$A23,Tableau!I:I) -> #N/A | W23: =SUMIF(Tableau!$A:$A,$A23,Tableau!J:J) -> #N/A | X23: =SUMIF(Tableau!$A:$A,$A23,Tableau!P:P) -> #N/A | Y23: =SUMIF(Tableau!$A:$A,$A23,Tableau!Q:Q) -> #N/A | Z23: =SUMIF(Tableau!$A:$A,$A23,Tableau!R:R) -> #N/A | AA23: =SUMIF(Tableau!$A:$A,$A23,Tableau!S:S) -> #N/A | AB23: =SUMIF(Tableau!$A:$A,$A23,Tableau!T:T) -> #N/A | AC23: =SUMIF(Tableau!$A:$A,$A23,Tableau!U:U) -> #N/A | AL23: =SUM(AF23:AK23) -> 0 | AV23: =SUM(AP23:AU23) -> 114.95467 | BF23: =SUM(AZ23:BE23) -> #N/A | BH23: moobslots | BI23: 0 | BJ23: 0 | BK23: 0 | BL23: 0 | BM23: 681.81818 | BN23: 0 | BO23: 416.66667 | CF23: =IFERROR(BT23/BZ23,0) -> 0 | CG23: =IFERROR(BU23/CA23,0) -> 0 | CH23: =IFERROR(BV23/CB23,0) -> 0 | CI23: =IFERROR(BW23/CC23,0) -> 0 | CJ23: =IFERROR(BX23/CD23,0) -> 0 | CK23: =IFERROR(BY23/CE23,0) -> 0
A24: =#REF! -> #REF! | B24: =#REF! -> #REF! | C24: =#REF! -> #REF! | D24: =#REF! -> #REF! | E24: =#REF! -> #REF! | F24: =#REF! -> #REF! | G24: =#REF! -> #REF! | H24: =#REF! -> #REF! | ... K24: =#REF! -> #REF! | L24: =IF(OR($J24="",$K24="",$G24=""),0,IF($K24<=$J24,IF(AND($J24>=DATE(2026,1,1),$J24<EDATE(DATE(2026,1,1),1),TODAY()>=$J24),$G24,0),MAX(0,MIN(IF(TODAY()>$K24,$K24,TODAY()),EDATE(DATE(2026,1,1),1))-MAX($J24,DATE(2026,1,1)))*$G24/($K24-$J24))) -> #REF! | M24: =IF(OR($J24="",$K24="",$G24=""),0,IF($K24<=$J24,IF(AND($J24>=DATE(2026,2,1),$J24<EDATE(DATE(2026,2,1),1),TODAY()>=$J24),$G24,0),MAX(0,MIN(IF(TODAY()>$K24,$K24,TODAY()),EDATE(DATE(2026,2,1),1))-MAX($J24,DATE(2026,2,1)))*$G24/($K24-$J24))) -> #REF! | N24: =IF(OR($J24="",$K24="",$G24=""),0,IF($K24<=$J24,IF(AND($J24>=DATE(2026,3,1),$J24<EDATE(DATE(2026,3,1),1),TODAY()>=$J24),$G24,0),MAX(0,MIN(IF(TODAY()>$K24,$K24,TODAY()),EDATE(DATE(2026,3,1),1))-MAX($J24,DATE(2026,3,1)))*$G24/($K24-$J24))) -> #REF! | O24: =IF(OR($J24="",$K24="",$G24=""),0,IF($K24<=$J24,IF(AND($J24>=DATE(2026,4,1),$J24<EDATE(DATE(2026,4,1),1),TODAY()>=$J24),$G24,0),MAX(0,MIN(IF(TODAY()>$K24,$K24,TODAY()),EDATE(DATE(2026,4,1),1))-MAX($J24,DATE(2026,4,1)))*$G24/($K24-$J24))) -> #REF! | P24: =IF(OR($J24="",$K24="",$G24=""),0,IF($K24<=$J24,IF(AND($J24>=DATE(2026,5,1),$J24<EDATE(DATE(2026,5,1),1),TODAY()>=$J24),$G24,0),MAX(0,MIN(IF(TODAY()>$K24,$K24,TODAY()),EDATE(DATE(2026,5,1),1))-MAX($J24,DATE(2026,5,1)))*$G24/($K24-$J24))) -> #REF! | Q24: =IF(OR($J24="",$K24="",$G24=""),0,IF($K24<=$J24,IF(AND($J24>=DATE(2026,6,1),$J24<EDATE(DATE(2026,5,1),1),TODAY()>=$J24),$G24,0),MAX(0,MIN(IF(TODAY()>$K24,$K24,TODAY()),EDATE(DATE(2026,6,1),1))-MAX($J24,DATE(2026,6,1)))*$G24/($K24-$J24))) -> #REF! | W24: =SUMIF(Tableau!$A:$A,$A24,Tableau!J:J) -> #N/A | X24: =SUMIF(Tableau!$A:$A,$A24,Tableau!P:P) -> #N/A | Y24: =SUMIF(Tableau!$A:$A,$A24,Tableau!Q:Q) -> #N/A | Z24: =SUMIF(Tableau!$A:$A,$A24,Tableau!R:R) -> #N/A | AA24: =SUMIF(Tableau!$A:$A,$A24,Tableau!S:S) -> #N/A | AB24: =SUMIF(Tableau!$A:$A,$A24,Tableau!T:T) -> #N/A | AC24: =SUMIF(Tableau!$A:$A,$A24,Tableau!U:U) -> #N/A | AL24: =SUM(AF24:AK24) -> 0 | AV24: =SUM(AP24:AU24) -> 3359.9011 | BF24: =SUM(AZ24:BE24) -> #N/A | BH24: MAXXIMTV | BI24: 0 | BJ24: 0 | BK24: 0 | BL24: 0 | BM24: 0 | BN24: 39.771667 | BO24: 39.771667 | CF24: =IFERROR(BT24/BZ24,0) -> 0 | CG24: =IFERROR(BU24/CA24,0) -> 0 | CH24: =IFERROR(BV24/CB24,0) -> 0 | CI24: =IFERROR(BW24/CC24,0) -> 0 | CJ24: =IFERROR(BX24/CD24,0) -> 0 | CK24: =IFERROR(BY24/CE24,0) -> 0
A25: =Data2026!A29 -> SharkLink | B25: =Data2026!B29 -> 46105 | C25: =Data2026!C29 -> CPA | D25: =Data2026!D29 -> SharkLink | E25: =Data2026!E29 -> Nini_B | F25: =Data2026!F29 -> 46105 | G25: =Data2026!G29 -> 14492.91 | H25: =Data2026!H29 -> Finished | ... K25: =Data2026!K29 -> 46129 | L25: =IF(OR($J25="",$K25="",$G25=""),0,IF($K25<=$J25,IF(AND($J25>=DATE(2026,1,1),$J25<EDATE(DATE(2026,1,1),1),TODAY()>=$J25),$G25,0),MAX(0,MIN(IF(TODAY()>$K25,$K25,TODAY()),EDATE(DATE(2026,1,1),1))-MAX($J25,DATE(2026,1,1)))*$G25/($K25-$J25))) -> 0 | M25: =IF(OR($J25="",$K25="",$G25=""),0,IF($K25<=$J25,IF(AND($J25>=DATE(2026,2,1),$J25<EDATE(DATE(2026,2,1),1),TODAY()>=$J25),$G25,0),MAX(0,MIN(IF(TODAY()>$K25,$K25,TODAY()),EDATE(DATE(2026,2,1),1))-MAX($J25,DATE(2026,2,1)))*$G25/($K25-$J25))) -> 0 | N25: =IF(OR($J25="",$K25="",$G25=""),0,IF($K25<=$J25,IF(AND($J25>=DATE(2026,3,1),$J25<EDATE(DATE(2026,3,1),1),TODAY()>=$J25),$G25,0),MAX(0,MIN(IF(TODAY()>$K25,$K25,TODAY()),EDATE(DATE(2026,3,1),1))-MAX($J25,DATE(2026,3,1)))*$G25/($K25-$J25))) -> 7246.455 | O25: =IF(OR($J25="",$K25="",$G25=""),0,IF($K25<=$J25,IF(AND($J25>=DATE(2026,4,1),$J25<EDATE(DATE(2026,4,1),1),TODAY()>=$J25),$G25,0),MAX(0,MIN(IF(TODAY()>$K25,$K25,TODAY()),EDATE(DATE(2026,4,1),1))-MAX($J25,DATE(2026,4,1)))*$G25/($K25-$J25))) -> 7246.455 | P25: =IF(OR($J25="",$K25="",$G25=""),0,IF($K25<=$J25,IF(AND($J25>=DATE(2026,5,1),$J25<EDATE(DATE(2026,5,1),1),TODAY()>=$J25),$G25,0),MAX(0,MIN(IF(TODAY()>$K25,$K25,TODAY()),EDATE(DATE(2026,5,1),1))-MAX($J25,DATE(2026,5,1)))*$G25/($K25-$J25))) -> 0 | Q25: =IF(OR($J25="",$K25="",$G25=""),0,IF($K25<=$J25,IF(AND($J25>=DATE(2026,6,1),$J25<EDATE(DATE(2026,5,1),1),TODAY()>=$J25),$G25,0),MAX(0,MIN(IF(TODAY()>$K25,$K25,TODAY()),EDATE(DATE(2026,6,1),1))-MAX($J25,DATE(2026,6,1)))*$G25/($K25-$J25))) -> 0 | R25: =SUMIF(Tableau!$A:$A,$A25,Tableau!E:E) -> #N/A | S25: =SUMIF(Tableau!$A:$A,$A25,Tableau!F:F) -> #N/A | T25: =SUMIF(Tableau!$A:$A,$A25,Tableau!G:G) -> #N/A | W25: =SUMIF(Tableau!$A:$A,$A25,Tableau!J:J) -> #N/A | X25: =SUMIF(Tableau!$A:$A,$A25,Tableau!P:P) -> #N/A | Y25: =SUMIF(Tableau!$A:$A,$A25,Tableau!Q:Q) -> #N/A | Z25: =SUMIF(Tableau!$A:$A,$A25,Tableau!R:R) -> #N/A | AA25: =SUMIF(Tableau!$A:$A,$A25,Tableau!S:S) -> #N/A | AB25: =SUMIF(Tableau!$A:$A,$A25,Tableau!T:T) -> #N/A | AC25: =SUMIF(Tableau!$A:$A,$A25,Tableau!U:U) -> #N/A | AL25: =SUM(AF25:AK25) -> 0 | AV25: =SUM(AP25:AU25) -> 1316.5432 | BF25: =SUM(AZ25:BE25) -> #N/A | BH25: kcvzin | BI25: 0 | BJ25: 0 | BK25: 0 | BL25: 0 | BM25: 0 | BN25: 6.8972 | BO25: 6.8972 | CF25: =IFERROR(BT25/BZ25,0) -> 0 | CG25: =IFERROR(BU25/CA25,0) -> 0 | CH25: =IFERROR(BV25/CB25,0) -> 0 | CI25: =IFERROR(BW25/CC25,0) -> 0 | CJ25: =IFERROR(BX25/CD25,0) -> 0 | CK25: =IFERROR(BY25/CE25,0) -> 0
A26: =Data2026!A30 -> moneturn | B26: =Data2026!B30 -> 46106 | C26: =Data2026!C30 -> Fixed | D26: =Data2026!D30 -> moneturn | E26: =Data2026!E30 -> Elene_Gh | F26: =Data2026!F30 -> 46106 | G26: =Data2026!G30 -> 1000 | H26: =Data2026!H30 -> Finished | ... K26: =Data2026!K30 -> 46129 | L26: =IF(OR($J26="",$K26="",$G26=""),0,IF($K26<=$J26,IF(AND($J26>=DATE(2026,1,1),$J26<EDATE(DATE(2026,1,1),1),TODAY()>=$J26),$G26,0),MAX(0,MIN(IF(TODAY()>$K26,$K26,TODAY()),EDATE(DATE(2026,1,1),1))-MAX($J26,DATE(2026,1,1)))*$G26/($K26-$J26))) -> 0 | M26: =IF(OR($J26="",$K26="",$G26=""),0,IF($K26<=$J26,IF(AND($J26>=DATE(2026,2,1),$J26<EDATE(DATE(2026,2,1),1),TODAY()>=$J26),$G26,0),MAX(0,MIN(IF(TODAY()>$K26,$K26,TODAY()),EDATE(DATE(2026,2,1),1))-MAX($J26,DATE(2026,2,1)))*$G26/($K26-$J26))) -> 0 | N26: =IF(OR($J26="",$K26="",$G26=""),0,IF($K26<=$J26,IF(AND($J26>=DATE(2026,3,1),$J26<EDATE(DATE(2026,3,1),1),TODAY()>=$J26),$G26,0),MAX(0,MIN(IF(TODAY()>$K26,$K26,TODAY()),EDATE(DATE(2026,3,1),1))-MAX($J26,DATE(2026,3,1)))*$G26/($K26-$J26))) -> 500 | O26: =IF(OR($J26="",$K26="",$G26=""),0,IF($K26<=$J26,IF(AND($J26>=DATE(2026,4,1),$J26<EDATE(DATE(2026,4,1),1),TODAY()>=$J26),$G26,0),MAX(0,MIN(IF(TODAY()>$K26,$K26,TODAY()),EDATE(DATE(2026,4,1),1))-MAX($J26,DATE(2026,4,1)))*$G26/($K26-$J26))) -> 500 | P26: =IF(OR($J26="",$K26="",$G26=""),0,IF($K26<=$J26,IF(AND($J26>=DATE(2026,5,1),$J26<EDATE(DATE(2026,5,1),1),TODAY()>=$J26),$G26,0),MAX(0,MIN(IF(TODAY()>$K26,$K26,TODAY()),EDATE(DATE(2026,5,1),1))-MAX($J26,DATE(2026,5,1)))*$G26/($K26-$J26))) -> 0 | Q26: =IF(OR($J26="",$K26="",$G26=""),0,IF($K26<=$J26,IF(AND($J26>=DATE(2026,6,1),$J26<EDATE(DATE(2026,5,1),1),TODAY()>=$J26),$G26,0),MAX(0,MIN(IF(TODAY()>$K26,$K26,TODAY()),EDATE(DATE(2026,6,1),1))-MAX($J26,DATE(2026,6,1)))*$G26/($K26-$J26))) -> 0 | R26: =SUMIF(Tableau!$A:$A,$A26,Tableau!E:E) -> #N/A | S26: =SUMIF(Tableau!$A:$A,$A26,Tableau!F:F) -> #N/A | T26: =SUMIF(Tableau!$A:$A,$A26,Tableau!G:G) -> #N/A | U26: =SUMIF(Tableau!$A:$A,$A26,Tableau!H:H) -> #N/A | V26: =SUMIF(Tableau!$A:$A,$A26,Tableau!I:I) -> #N/A | W26: =SUMIF(Tableau!$A:$A,$A26,Tableau!J:J) -> #N/A | X26: =SUMIF(Tableau!$A:$A,$A26,Tableau!P:P) -> #N/A | Y26: =SUMIF(Tableau!$A:$A,$A26,Tableau!Q:Q) -> #N/A | Z26: =SUMIF(Tableau!$A:$A,$A26,Tableau!R:R) -> #N/A | AA26: =SUMIF(Tableau!$A:$A,$A26,Tableau!S:S) -> #N/A | AB26: =SUMIF(Tableau!$A:$A,$A26,Tableau!T:T) -> #N/A | AC26: =SUMIF(Tableau!$A:$A,$A26,Tableau!U:U) -> #N/A | AL26: =SUM(AF26:AK26) -> 0 | AV26: =SUM(AP26:AU26) -> 429.35 | BF26: =SUM(AZ26:BE26) -> #N/A | BH26: biglouinthestu | BI26: 0 | BJ26: 0 | BK26: 0 | BL26: 0 | BM26: 0 | BN26: 142.15241 | BO26: 142.15241 | CF26: =IFERROR(BT26/BZ26,0) -> 0 | CG26: =IFERROR(BU26/CA26,0) -> 0 | CH26: =IFERROR(BV26/CB26,0) -> 0 | CI26: =IFERROR(BW26/CC26,0) -> 0 | CJ26: =IFERROR(BX26/CD26,0) -> 0 | CK26: =IFERROR(BY26/CE26,0) -> 0
A27: =Data2026!A31 -> MightyCasino | B27: =Data2026!B31 -> 46108 | C27: =Data2026!C31 -> Fixed | D27: =Data2026!D31 -> MightyCasino | E27: =Data2026!E31 -> Nini_B | F27: =Data2026!F31 -> 46108 | G27: =Data2026!G31 -> 300 | H27: =Data2026!H31 -> Finished | ... K27: =Data2026!K31 -> 46129 | L27: =IF(OR($J27="",$K27="",$G27=""),0,IF($K27<=$J27,IF(AND($J27>=DATE(2026,1,1),$J27<EDATE(DATE(2026,1,1),1),TODAY()>=$J27),$G27,0),MAX(0,MIN(IF(TODAY()>$K27,$K27,TODAY()),EDATE(DATE(2026,1,1),1))-MAX($J27,DATE(2026,1,1)))*$G27/($K27-$J27))) -> 0 | M27: =IF(OR($J27="",$K27="",$G27=""),0,IF($K27<=$J27,IF(AND($J27>=DATE(2026,2,1),$J27<EDATE(DATE(2026,2,1),1),TODAY()>=$J27),$G27,0),MAX(0,MIN(IF(TODAY()>$K27,$K27,TODAY()),EDATE(DATE(2026,2,1),1))-MAX($J27,DATE(2026,2,1)))*$G27/($K27-$J27))) -> 0 | N27: =IF(OR($J27="",$K27="",$G27=""),0,IF($K27<=$J27,IF(AND($J27>=DATE(2026,3,1),$J27<EDATE(DATE(2026,3,1),1),TODAY()>=$J27),$G27,0),MAX(0,MIN(IF(TODAY()>$K27,$K27,TODAY()),EDATE(DATE(2026,3,1),1))-MAX($J27,DATE(2026,3,1)))*$G27/($K27-$J27))) -> 150 | O27: =IF(OR($J27="",$K27="",$G27=""),0,IF($K27<=$J27,IF(AND($J27>=DATE(2026,4,1),$J27<EDATE(DATE(2026,4,1),1),TODAY()>=$J27),$G27,0),MAX(0,MIN(IF(TODAY()>$K27,$K27,TODAY()),EDATE(DATE(2026,4,1),1))-MAX($J27,DATE(2026,4,1)))*$G27/($K27-$J27))) -> 150 | P27: =IF(OR($J27="",$K27="",$G27=""),0,IF($K27<=$J27,IF(AND($J27>=DATE(2026,5,1),$J27<EDATE(DATE(2026,5,1),1),TODAY()>=$J27),$G27,0),MAX(0,MIN(IF(TODAY()>$K27,$K27,TODAY()),EDATE(DATE(2026,5,1),1))-MAX($J27,DATE(2026,5,1)))*$G27/($K27-$J27))) -> 0 | Q27: =IF(OR($J27="",$K27="",$G27=""),0,IF($K27<=$J27,IF(AND($J27>=DATE(2026,6,1),$J27<EDATE(DATE(2026,5,1),1),TODAY()>=$J27),$G27,0),MAX(0,MIN(IF(TODAY()>$K27,$K27,TODAY()),EDATE(DATE(2026,6,1),1))-MAX($J27,DATE(2026,6,1)))*$G27/($K27-$J27))) -> 0 | R27: =SUMIF(Tableau!$A:$A,$A27,Tableau!E:E) -> #N/A | S27: =SUMIF(Tableau!$A:$A,$A27,Tableau!F:F) -> #N/A | T27: =SUMIF(Tableau!$A:$A,$A27,Tableau!G:G) -> #N/A | U27: =SUMIF(Tableau!$A:$A,$A27,Tableau!H:H) -> #N/A | V27: =SUMIF(Tableau!$A:$A,$A27,Tableau!I:I) -> #N/A | W27: =SUMIF(Tableau!$A:$A,$A27,Tableau!J:J) -> #N/A | X27: =SUMIF(Tableau!$A:$A,$A27,Tableau!P:P) -> #N/A | Y27: =SUMIF(Tableau!$A:$A,$A27,Tableau!Q:Q) -> #N/A | Z27: =SUMIF(Tableau!$A:$A,$A27,Tableau!R:R) -> #N/A | AA27: =SUMIF(Tableau!$A:$A,$A27,Tableau!S:S) -> #N/A | AB27: =SUMIF(Tableau!$A:$A,$A27,Tableau!T:T) -> #N/A | AC27: =SUMIF(Tableau!$A:$A,$A27,Tableau!U:U) -> #N/A | AL27: =SUM(AL20:AL26) -> 0 | AV27: =SUM(AP27:AU27) -> 594.67 | BF27: =SUM(AZ27:BE27) -> #N/A | BH27: barkkzzcs | BI27: 0 | BJ27: 0 | BK27: 0 | BL27: 0 | BM27: 0 | BN27: 80.151724 | BO27: 80.151724 | CF27: =IFERROR(BT27/BZ27,0) -> 0 | CG27: =IFERROR(BU27/CA27,0) -> 0 | CH27: =IFERROR(BV27/CB27,0) -> 0 | CI27: =IFERROR(BW27/CC27,0) -> 0 | CJ27: =IFERROR(BX27/CD27,0) -> 0 | CK27: =IFERROR(BY27/CE27,0) -> 0
A28: =Data2026!A32 -> VALECHOBERK | B28: =Data2026!B32 -> 46119 | C28: =Data2026!C32 -> Fixed | D28: =Data2026!D32 -> VALECHOBERK | E28: =Data2026!E32 -> Nini_B | F28: =Data2026!F32 -> 46119 | G28: =Data2026!G32 -> 900 | H28: =Data2026!H32 -> Finished | ... K28: =Data2026!K32 -> 46145 | L28: =IF(OR($J28="",$K28="",$G28=""),0,IF($K28<=$J28,IF(AND($J28>=DATE(2026,1,1),$J28<EDATE(DATE(2026,1,1),1),TODAY()>=$J28),$G28,0),MAX(0,MIN(IF(TODAY()>$K28,$K28,TODAY()),EDATE(DATE(2026,1,1),1))-MAX($J28,DATE(2026,1,1)))*$G28/($K28-$J28))) -> 0 | M28: =IF(OR($J28="",$K28="",$G28=""),0,IF($K28<=$J28,IF(AND($J28>=DATE(2026,2,1),$J28<EDATE(DATE(2026,2,1),1),TODAY()>=$J28),$G28,0),MAX(0,MIN(IF(TODAY()>$K28,$K28,TODAY()),EDATE(DATE(2026,2,1),1))-MAX($J28,DATE(2026,2,1)))*$G28/($K28-$J28))) -> 0 | N28: =IF(OR($J28="",$K28="",$G28=""),0,IF($K28<=$J28,IF(AND($J28>=DATE(2026,3,1),$J28<EDATE(DATE(2026,3,1),1),TODAY()>=$J28),$G28,0),MAX(0,MIN(IF(TODAY()>$K28,$K28,TODAY()),EDATE(DATE(2026,3,1),1))-MAX($J28,DATE(2026,3,1)))*$G28/($K28-$J28))) -> 0 | O28: =IF(OR($J28="",$K28="",$G28=""),0,IF($K28<=$J28,IF(AND($J28>=DATE(2026,4,1),$J28<EDATE(DATE(2026,4,1),1),TODAY()>=$J28),$G28,0),MAX(0,MIN(IF(TODAY()>$K28,$K28,TODAY()),EDATE(DATE(2026,4,1),1))-MAX($J28,DATE(2026,4,1)))*$G28/($K28-$J28))) -> 780 | P28: =IF(OR($J28="",$K28="",$G28=""),0,IF($K28<=$J28,IF(AND($J28>=DATE(2026,5,1),$J28<EDATE(DATE(2026,5,1),1),TODAY()>=$J28),$G28,0),MAX(0,MIN(IF(TODAY()>$K28,$K28,TODAY()),EDATE(DATE(2026,5,1),1))-MAX($J28,DATE(2026,5,1)))*$G28/($K28-$J28))) -> 120 | Q28: =IF(OR($J28="",$K28="",$G28=""),0,IF($K28<=$J28,IF(AND($J28>=DATE(2026,6,1),$J28<EDATE(DATE(2026,5,1),1),TODAY()>=$J28),$G28,0),MAX(0,MIN(IF(TODAY()>$K28,$K28,TODAY()),EDATE(DATE(2026,6,1),1))-MAX($J28,DATE(2026,6,1)))*$G28/($K28-$J28))) -> 0 | R28: =SUMIF(Tableau!$A:$A,$A28,Tableau!E:E) -> #N/A | S28: =SUMIF(Tableau!$A:$A,$A28,Tableau!F:F) -> #N/A | T28: =SUMIF(Tableau!$A:$A,$A28,Tableau!G:G) -> #N/A | U28: =SUMIF(Tableau!$A:$A,$A28,Tableau!H:H) -> #N/A | V28: =SUMIF(Tableau!$A:$A,$A28,Tableau!I:I) -> #N/A | W28: =SUMIF(Tableau!$A:$A,$A28,Tableau!J:J) -> #N/A | X28: =SUMIF(Tableau!$A:$A,$A28,Tableau!P:P) -> #N/A | Y28: =SUMIF(Tableau!$A:$A,$A28,Tableau!Q:Q) -> #N/A | Z28: =SUMIF(Tableau!$A:$A,$A28,Tableau!R:R) -> #N/A | AA28: =SUMIF(Tableau!$A:$A,$A28,Tableau!S:S) -> #N/A | AB28: =SUMIF(Tableau!$A:$A,$A28,Tableau!T:T) -> #N/A | AC28: =SUMIF(Tableau!$A:$A,$A28,Tableau!U:U) -> #N/A | AH28: Mar CPA | AI28: Apr CPA | AJ28: May CPA | AK28: June CPA | AL28: Total | AV28: =SUM(AP28:AU28) -> 233.233 | BF28: =SUM(AZ28:BE28) -> #N/A | BH28: jonbossparcerias | BI28: 0 | BJ28: 0 | BK28: 0 | BL28: 0 | BM28: 51.5625 | BN28: 0 | BO28: 49.107143 | CF28: =IFERROR(BT28/BZ28,0) -> 0 | CG28: =IFERROR(BU28/CA28,0) -> 0 | CH28: =IFERROR(BV28/CB28,0) -> 0 | CI28: =IFERROR(BW28/CC28,0) -> 0 | CJ28: =IFERROR(BX28/CD28,0) -> 0 | CK28: =IFERROR(BY28/CE28,0) -> 0
A29: =Data2026!A33 -> Rayconeta | B29: =Data2026!B33 -> 46120 | C29: =Data2026!C33 -> Fixed | D29: =Data2026!D33 -> Rayconeta | E29: =Data2026!E33 -> Elene_Gh | F29: =Data2026!F33 -> 46120 | G29: =Data2026!G33 -> 2708.04 | H29: =Data2026!H33 -> Finished | ... K29: =Data2026!K33 -> 46141 | L29: =IF(OR($J29="",$K29="",$G29=""),0,IF($K29<=$J29,IF(AND($J29>=DATE(2026,1,1),$J29<EDATE(DATE(2026,1,1),1),TODAY()>=$J29),$G29,0),MAX(0,MIN(IF(TODAY()>$K29,$K29,TODAY()),EDATE(DATE(2026,1,1),1))-MAX($J29,DATE(2026,1,1)))*$G29/($K29-$J29))) -> 0 | M29: =IF(OR($J29="",$K29="",$G29=""),0,IF($K29<=$J29,IF(AND($J29>=DATE(2026,2,1),$J29<EDATE(DATE(2026,2,1),1),TODAY()>=$J29),$G29,0),MAX(0,MIN(IF(TODAY()>$K29,$K29,TODAY()),EDATE(DATE(2026,2,1),1))-MAX($J29,DATE(2026,2,1)))*$G29/($K29-$J29))) -> 0 | N29: =IF(OR($J29="",$K29="",$G29=""),0,IF($K29<=$J29,IF(AND($J29>=DATE(2026,3,1),$J29<EDATE(DATE(2026,3,1),1),TODAY()>=$J29),$G29,0),MAX(0,MIN(IF(TODAY()>$K29,$K29,TODAY()),EDATE(DATE(2026,3,1),1))-MAX($J29,DATE(2026,3,1)))*$G29/($K29-$J29))) -> 0 | O29: =IF(OR($J29="",$K29="",$G29=""),0,IF($K29<=$J29,IF(AND($J29>=DATE(2026,4,1),$J29<EDATE(DATE(2026,4,1),1),TODAY()>=$J29),$G29,0),MAX(0,MIN(IF(TODAY()>$K29,$K29,TODAY()),EDATE(DATE(2026,4,1),1))-MAX($J29,DATE(2026,4,1)))*$G29/($K29-$J29))) -> 2708.04 | P29: =IF(OR($J29="",$K29="",$G29=""),0,IF($K29<=$J29,IF(AND($J29>=DATE(2026,5,1),$J29<EDATE(DATE(2026,5,1),1),TODAY()>=$J29),$G29,0),MAX(0,MIN(IF(TODAY()>$K29,$K29,TODAY()),EDATE(DATE(2026,5,1),1))-MAX($J29,DATE(2026,5,1)))*$G29/($K29-$J29))) -> 0 | Q29: =IF(OR($J29="",$K29="",$G29=""),0,IF($K29<=$J29,IF(AND($J29>=DATE(2026,6,1),$J29<EDATE(DATE(2026,5,1),1),TODAY()>=$J29),$G29,0),MAX(0,MIN(IF(TODAY()>$K29,$K29,TODAY()),EDATE(DATE(2026,6,1),1))-MAX($J29,DATE(2026,6,1)))*$G29/($K29-$J29))) -> 0 | R29: =SUMIF(Tableau!$A:$A,$A29,Tableau!E:E) -> #N/A | S29: =SUMIF(Tableau!$A:$A,$A29,Tableau!F:F) -> #N/A | T29: =SUMIF(Tableau!$A:$A,$A29,Tableau!G:G) -> #N/A | U29: =SUMIF(Tableau!$A:$A,$A29,Tableau!H:H) -> #N/A | V29: =SUMIF(Tableau!$A:$A,$A29,Tableau!I:I) -> #N/A | W29: =SUMIF(Tableau!$A:$A,$A29,Tableau!J:J) -> #N/A | X29: =SUMIF(Tableau!$A:$A,$A29,Tableau!P:P) -> #N/A | Y29: =SUMIF(Tableau!$A:$A,$A29,Tableau!Q:Q) -> #N/A | Z29: =SUMIF(Tableau!$A:$A,$A29,Tableau!R:R) -> #N/A | AA29: =SUMIF(Tableau!$A:$A,$A29,Tableau!S:S) -> #N/A | AB29: =SUMIF(Tableau!$A:$A,$A29,Tableau!T:T) -> #N/A | AC29: =SUMIF(Tableau!$A:$A,$A29,Tableau!U:U) -> #N/A | AE29: DSP | AF29: =IFERROR(AF11/AF20,0) -> 0 | AG29: =IFERROR(AG11/AG20,0) -> 0 | AH29: =IFERROR(AH11/AH20,0) -> 0 | AI29: =IFERROR(AI11/AI20,0) -> 0 | AJ29: =IFERROR(AJ11/AJ20,0) -> 0 | AK29: =IFERROR(AK11/AK20,0) -> 0 | AL29: =IFERROR(AL11/AL20,0) -> 0 | AV29: =SUM(AP29:AU29) -> 1759.75 | BF29: =SUM(AZ29:BE29) -> #N/A | BH29: Timba | BI29: 0 | BJ29: 0 | BK29: 0 | BL29: 0 | BM29: 0 | BN29: 603.87862 | BO29: 603.87862 | CF29: =IFERROR(BT29/BZ29,0) -> 0 | CG29: =IFERROR(BU29/CA29,0) -> 0 | CH29: =IFERROR(BV29/CB29,0) -> 0 | CI29: =IFERROR(BW29/CC29,0) -> 0 | CJ29: =IFERROR(BX29/CD29,0) -> 0 | CK29: =IFERROR(BY29/CE29,0) -> 0
A30: =Data2026!A34 -> seobroCA | B30: =Data2026!B34 -> 46120 | C30: =Data2026!C34 -> Fixed | D30: =Data2026!D34 -> seobroCA | E30: =Data2026!E34 -> Nini_B | F30: =Data2026!F34 -> 46120 | G30: =Data2026!G34 -> 2000 | H30: =Data2026!H34 -> Finished | ... K30: =Data2026!K34 -> 46173 | L30: =IF(OR($J30="",$K30="",$G30=""),0,IF($K30<=$J30,IF(AND($J30>=DATE(2026,1,1),$J30<EDATE(DATE(2026,1,1),1),TODAY()>=$J30),$G30,0),MAX(0,MIN(IF(TODAY()>$K30,$K30,TODAY()),EDATE(DATE(2026,1,1),1))-MAX($J30,DATE(2026,1,1)))*$G30/($K30-$J30))) -> 0 | M30: =IF(OR($J30="",$K30="",$G30=""),0,IF($K30<=$J30,IF(AND($J30>=DATE(2026,2,1),$J30<EDATE(DATE(2026,2,1),1),TODAY()>=$J30),$G30,0),MAX(0,MIN(IF(TODAY()>$K30,$K30,TODAY()),EDATE(DATE(2026,2,1),1))-MAX($J30,DATE(2026,2,1)))*$G30/($K30-$J30))) -> 0 | N30: =IF(OR($J30="",$K30="",$G30=""),0,IF($K30<=$J30,IF(AND($J30>=DATE(2026,3,1),$J30<EDATE(DATE(2026,3,1),1),TODAY()>=$J30),$G30,0),MAX(0,MIN(IF(TODAY()>$K30,$K30,TODAY()),EDATE(DATE(2026,3,1),1))-MAX($J30,DATE(2026,3,1)))*$G30/($K30-$J30))) -> 0 | O30: =IF(OR($J30="",$K30="",$G30=""),0,IF($K30<=$J30,IF(AND($J30>=DATE(2026,4,1),$J30<EDATE(DATE(2026,4,1),1),TODAY()>=$J30),$G30,0),MAX(0,MIN(IF(TODAY()>$K30,$K30,TODAY()),EDATE(DATE(2026,4,1),1))-MAX($J30,DATE(2026,4,1)))*$G30/($K30-$J30))) -> 0 | P30: =IF(OR($J30="",$K30="",$G30=""),0,IF($K30<=$J30,IF(AND($J30>=DATE(2026,5,1),$J30<EDATE(DATE(2026,5,1),1),TODAY()>=$J30),$G30,0),MAX(0,MIN(IF(TODAY()>$K30,$K30,TODAY()),EDATE(DATE(2026,5,1),1))-MAX($J30,DATE(2026,5,1)))*$G30/($K30-$J30))) -> 2000 | Q30: =IF(OR($J30="",$K30="",$G30=""),0,IF($K30<=$J30,IF(AND($J30>=DATE(2026,6,1),$J30<EDATE(DATE(2026,5,1),1),TODAY()>=$J30),$G30,0),MAX(0,MIN(IF(TODAY()>$K30,$K30,TODAY()),EDATE(DATE(2026,6,1),1))-MAX($J30,DATE(2026,6,1)))*$G30/($K30-$J30))) -> 0 | R30: =SUMIF(Tableau!$A:$A,$A30,Tableau!E:E) -> #N/A | S30: =SUMIF(Tableau!$A:$A,$A30,Tableau!F:F) -> #N/A | T30: =SUMIF(Tableau!$A:$A,$A30,Tableau!G:G) -> #N/A | U30: =SUMIF(Tableau!$A:$A,$A30,Tableau!H:H) -> #N/A | V30: =SUMIF(Tableau!$A:$A,$A30,Tableau!I:I) -> #N/A | W30: =SUMIF(Tableau!$A:$A,$A30,Tableau!J:J) -> #N/A | X30: =SUMIF(Tableau!$A:$A,$A30,Tableau!P:P) -> #N/A | Y30: =SUMIF(Tableau!$A:$A,$A30,Tableau!Q:Q) -> #N/A | Z30: =SUMIF(Tableau!$A:$A,$A30,Tableau!R:R) -> #N/A | AA30: =SUMIF(Tableau!$A:$A,$A30,Tableau!S:S) -> #N/A | AB30: =SUMIF(Tableau!$A:$A,$A30,Tableau!T:T) -> #N/A | AC30: =SUMIF(Tableau!$A:$A,$A30,Tableau!U:U) -> #N/A | AE30: Influence | AF30: =IFERROR(AF12/AF21,0) -> 0 | AG30: =IFERROR(AG12/AG21,0) -> 0 | AH30: =IFERROR(AH12/AH21,0) -> 0 | AI30: =IFERROR(AI12/AI21,0) -> 0 | AJ30: =IFERROR(AJ12/AJ21,0) -> 0 | AK30: =IFERROR(AK12/AK21,0) -> 0 | AL30: =IFERROR(AL12/AL21,0) -> 0 | AV30: =SUM(AP30:AU30) -> 4250 | BF30: =SUM(AZ30:BE30) -> #N/A | BH30: octomediagroup | BI30: 0 | BJ30: 0 | BK30: 0 | BL30: 24.242424 | BM30: 417.50842 | BN30: 0 | BO30: 181.81818 | CF30: =IFERROR(BT30/BZ30,0) -> 0 | CG30: =IFERROR(BU30/CA30,0) -> 0 | CH30: =IFERROR(BV30/CB30,0) -> 0 | CI30: =IFERROR(BW30/CC30,0) -> 0 | CJ30: =IFERROR(BX30/CD30,0) -> 0 | CK30: =IFERROR(BY30/CE30,0) -> 0
A31: =Data2026!A35 -> seobroCA | B31: =Data2026!B35 -> 46120 | C31: =Data2026!C35 -> Fixed | D31: =Data2026!D35 -> seobroCA | E31: =Data2026!E35 -> Nini_B | F31: =Data2026!F35 -> 46120 | G31: =Data2026!G35 -> 2000 | H31: =Data2026!H35 -> Finished | ... K31: =Data2026!K35 -> 46173 | L31: =IF(OR($J31="",$K31="",$G31=""),0,IF($K31<=$J31,IF(AND($J31>=DATE(2026,1,1),$J31<EDATE(DATE(2026,1,1),1),TODAY()>=$J31),$G31,0),MAX(0,MIN(IF(TODAY()>$K31,$K31,TODAY()),EDATE(DATE(2026,1,1),1))-MAX($J31,DATE(2026,1,1)))*$G31/($K31-$J31))) -> 0 | M31: =IF(OR($J31="",$K31="",$G31=""),0,IF($K31<=$J31,IF(AND($J31>=DATE(2026,2,1),$J31<EDATE(DATE(2026,2,1),1),TODAY()>=$J31),$G31,0),MAX(0,MIN(IF(TODAY()>$K31,$K31,TODAY()),EDATE(DATE(2026,2,1),1))-MAX($J31,DATE(2026,2,1)))*$G31/($K31-$J31))) -> 0 | N31: =IF(OR($J31="",$K31="",$G31=""),0,IF($K31<=$J31,IF(AND($J31>=DATE(2026,3,1),$J31<EDATE(DATE(2026,3,1),1),TODAY()>=$J31),$G31,0),MAX(0,MIN(IF(TODAY()>$K31,$K31,TODAY()),EDATE(DATE(2026,3,1),1))-MAX($J31,DATE(2026,3,1)))*$G31/($K31-$J31))) -> 0 | O31: =IF(OR($J31="",$K31="",$G31=""),0,IF($K31<=$J31,IF(AND($J31>=DATE(2026,4,1),$J31<EDATE(DATE(2026,4,1),1),TODAY()>=$J31),$G31,0),MAX(0,MIN(IF(TODAY()>$K31,$K31,TODAY()),EDATE(DATE(2026,4,1),1))-MAX($J31,DATE(2026,4,1)))*$G31/($K31-$J31))) -> 0 | P31: =IF(OR($J31="",$K31="",$G31=""),0,IF($K31<=$J31,IF(AND($J31>=DATE(2026,5,1),$J31<EDATE(DATE(2026,5,1),1),TODAY()>=$J31),$G31,0),MAX(0,MIN(IF(TODAY()>$K31,$K31,TODAY()),EDATE(DATE(2026,5,1),1))-MAX($J31,DATE(2026,5,1)))*$G31/($K31-$J31))) -> 2000 | Q31: =IF(OR($J31="",$K31="",$G31=""),0,IF($K31<=$J31,IF(AND($J31>=DATE(2026,6,1),$J31<EDATE(DATE(2026,5,1),1),TODAY()>=$J31),$G31,0),MAX(0,MIN(IF(TODAY()>$K31,$K31,TODAY()),EDATE(DATE(2026,6,1),1))-MAX($J31,DATE(2026,6,1)))*$G31/($K31-$J31))) -> 0 | R31: =SUMIF(Tableau!$A:$A,$A31,Tableau!E:E) -> #N/A | S31: =SUMIF(Tableau!$A:$A,$A31,Tableau!F:F) -> #N/A | T31: =SUMIF(Tableau!$A:$A,$A31,Tableau!G:G) -> #N/A | U31: =SUMIF(Tableau!$A:$A,$A31,Tableau!H:H) -> #N/A | V31: =SUMIF(Tableau!$A:$A,$A31,Tableau!I:I) -> #N/A | W31: =SUMIF(Tableau!$A:$A,$A31,Tableau!J:J) -> #N/A | X31: =SUMIF(Tableau!$A:$A,$A31,Tableau!P:P) -> #N/A | Y31: =SUMIF(Tableau!$A:$A,$A31,Tableau!Q:Q) -> #N/A | Z31: =SUMIF(Tableau!$A:$A,$A31,Tableau!R:R) -> #N/A | AA31: =SUMIF(Tableau!$A:$A,$A31,Tableau!S:S) -> #N/A | AB31: =SUMIF(Tableau!$A:$A,$A31,Tableau!T:T) -> #N/A | AC31: =SUMIF(Tableau!$A:$A,$A31,Tableau!U:U) -> #N/A | AE31: Meta | AF31: =IFERROR(AF13/AF22,0) -> 0 | AG31: =IFERROR(AG13/AG22,0) -> 0 | AH31: =IFERROR(AH13/AH22,0) -> 0 | AI31: =IFERROR(AI13/AI22,0) -> 0 | AJ31: =IFERROR(AJ13/AJ22,0) -> 0 | AK31: =IFERROR(AK13/AK22,0) -> 0 | AL31: =IFERROR(AL13/AL22,0) -> 0 | AV31: =SUM(AP31:AU31) -> 302.95 | BF31: =SUM(AZ31:BE31) -> #N/A | BH31: SAIDIteam | BI31: 0 | BJ31: 0 | BK31: 0 | BL31: 0 | BM31: 416.73833 | BN31: 0 | BO31: 357.20429 | CF31: =IFERROR(BT31/BZ31,0) -> 0 | CG31: =IFERROR(BU31/CA31,0) -> 0 | CH31: =IFERROR(BV31/CB31,0) -> 0 | CI31: =IFERROR(BW31/CC31,0) -> 0 | CJ31: =IFERROR(BX31/CD31,0) -> 0 | CK31: =IFERROR(BY31/CE31,0) -> 0
A32: =Data2026!A36 -> ZnakiNL | B32: =Data2026!B36 -> 46122 | C32: =Data2026!C36 -> Fixed | D32: =Data2026!D36 -> ZnakiNL | E32: =Data2026!E36 -> Elene_Gh | F32: =Data2026!F36 -> 46122 | G32: =Data2026!G36 -> 800 | H32: =Data2026!H36 -> Finished | ... K32: =Data2026!K36 -> 46142 | L32: =IF(OR($J32="",$K32="",$G32=""),0,IF($K32<=$J32,IF(AND($J32>=DATE(2026,1,1),$J32<EDATE(DATE(2026,1,1),1),TODAY()>=$J32),$G32,0),MAX(0,MIN(IF(TODAY()>$K32,$K32,TODAY()),EDATE(DATE(2026,1,1),1))-MAX($J32,DATE(2026,1,1)))*$G32/($K32-$J32))) -> 0 | M32: =IF(OR($J32="",$K32="",$G32=""),0,IF($K32<=$J32,IF(AND($J32>=DATE(2026,2,1),$J32<EDATE(DATE(2026,2,1),1),TODAY()>=$J32),$G32,0),MAX(0,MIN(IF(TODAY()>$K32,$K32,TODAY()),EDATE(DATE(2026,2,1),1))-MAX($J32,DATE(2026,2,1)))*$G32/($K32-$J32))) -> 0 | N32: =IF(OR($J32="",$K32="",$G32=""),0,IF($K32<=$J32,IF(AND($J32>=DATE(2026,3,1),$J32<EDATE(DATE(2026,3,1),1),TODAY()>=$J32),$G32,0),MAX(0,MIN(IF(TODAY()>$K32,$K32,TODAY()),EDATE(DATE(2026,3,1),1))-MAX($J32,DATE(2026,3,1)))*$G32/($K32-$J32))) -> 0 | O32: =IF(OR($J32="",$K32="",$G32=""),0,IF($K32<=$J32,IF(AND($J32>=DATE(2026,4,1),$J32<EDATE(DATE(2026,4,1),1),TODAY()>=$J32),$G32,0),MAX(0,MIN(IF(TODAY()>$K32,$K32,TODAY()),EDATE(DATE(2026,4,1),1))-MAX($J32,DATE(2026,4,1)))*$G32/($K32-$J32))) -> 800 | P32: =IF(OR($J32="",$K32="",$G32=""),0,IF($K32<=$J32,IF(AND($J32>=DATE(2026,5,1),$J32<EDATE(DATE(2026,5,1),1),TODAY()>=$J32),$G32,0),MAX(0,MIN(IF(TODAY()>$K32,$K32,TODAY()),EDATE(DATE(2026,5,1),1))-MAX($J32,DATE(2026,5,1)))*$G32/($K32-$J32))) -> 0 | Q32: =IF(OR($J32="",$K32="",$G32=""),0,IF($K32<=$J32,IF(AND($J32>=DATE(2026,6,1),$J32<EDATE(DATE(2026,5,1),1),TODAY()>=$J32),$G32,0),MAX(0,MIN(IF(TODAY()>$K32,$K32,TODAY()),EDATE(DATE(2026,6,1),1))-MAX($J32,DATE(2026,6,1)))*$G32/($K32-$J32))) -> 0 | R32: =SUMIF(Tableau!$A:$A,$A32,Tableau!E:E) -> #N/A | S32: =SUMIF(Tableau!$A:$A,$A32,Tableau!F:F) -> #N/A | T32: =SUMIF(Tableau!$A:$A,$A32,Tableau!G:G) -> #N/A | U32: =SUMIF(Tableau!$A:$A,$A32,Tableau!H:H) -> #N/A | V32: =SUMIF(Tableau!$A:$A,$A32,Tableau!I:I) -> #N/A | W32: =SUMIF(Tableau!$A:$A,$A32,Tableau!J:J) -> #N/A | X32: =SUMIF(Tableau!$A:$A,$A32,Tableau!P:P) -> #N/A | Y32: =SUMIF(Tableau!$A:$A,$A32,Tableau!Q:Q) -> #N/A | Z32: =SUMIF(Tableau!$A:$A,$A32,Tableau!R:R) -> #N/A | AA32: =SUMIF(Tableau!$A:$A,$A32,Tableau!S:S) -> #N/A | AB32: =SUMIF(Tableau!$A:$A,$A32,Tableau!T:T) -> #N/A | AC32: =SUMIF(Tableau!$A:$A,$A32,Tableau!U:U) -> #N/A | AE32: PPC | AF32: =IFERROR(AF14/AF23,0) -> 0 | AG32: =IFERROR(AG14/AG23,0) -> 0 | AH32: =IFERROR(AH14/AH23,0) -> 0 | AI32: =IFERROR(AI14/AI23,0) -> 0 | AJ32: =IFERROR(AJ14/AJ23,0) -> 0 | AK32: =IFERROR(AK14/AK23,0) -> 0 | AL32: =IFERROR(AL14/AL23,0) -> 0 | AV32: =SUM(AP32:AU32) -> 103.458 | BF32: =SUM(AZ32:BE32) -> #N/A | BH32: vkngaffiliates | BI32: 0 | BJ32: 0 | BK32: 0 | BL32: 22.566061 | BM32: 1.8805051 | BN32: 0 | BO32: 4.7735897 | CF32: =IFERROR(BT32/BZ32,0) -> 0 | CG32: =IFERROR(BU32/CA32,0) -> 0 | CH32: =IFERROR(BV32/CB32,0) -> 0 | CI32: =IFERROR(BW32/CC32,0) -> 0 | CJ32: =IFERROR(BX32/CD32,0) -> 0 | CK32: =IFERROR(BY32/CE32,0) -> 0
A33: =Data2026!A37 -> totisuedd | B33: =Data2026!B37 -> 46128 | C33: =Data2026!C37 -> Fixed | D33: =Data2026!D37 -> totisuedd | E33: =Data2026!E37 -> Elene_Gh | F33: =Data2026!F37 -> 46128 | G33: =Data2026!G37 -> 679.93 | H33: =Data2026!H37 -> Finished | ... K33: =Data2026!K37 -> 46140 | L33: =IF(OR($J33="",$K33="",$G33=""),0,IF($K33<=$J33,IF(AND($J33>=DATE(2026,1,1),$J33<EDATE(DATE(2026,1,1),1),TODAY()>=$J33),$G33,0),MAX(0,MIN(IF(TODAY()>$K33,$K33,TODAY()),EDATE(DATE(2026,1,1),1))-MAX($J33,DATE(2026,1,1)))*$G33/($K33-$J33))) -> 0 | M33: =IF(OR($J33="",$K33="",$G33=""),0,IF($K33<=$J33,IF(AND($J33>=DATE(2026,2,1),$J33<EDATE(DATE(2026,2,1),1),TODAY()>=$J33),$G33,0),MAX(0,MIN(IF(TODAY()>$K33,$K33,TODAY()),EDATE(DATE(2026,2,1),1))-MAX($J33,DATE(2026,2,1)))*$G33/($K33-$J33))) -> 0 | N33: =IF(OR($J33="",$K33="",$G33=""),0,IF($K33<=$J33,IF(AND($J33>=DATE(2026,3,1),$J33<EDATE(DATE(2026,3,1),1),TODAY()>=$J33),$G33,0),MAX(0,MIN(IF(TODAY()>$K33,$K33,TODAY()),EDATE(DATE(2026,3,1),1))-MAX($J33,DATE(2026,3,1)))*$G33/($K33-$J33))) -> 0 | O33: =IF(OR($J33="",$K33="",$G33=""),0,IF($K33<=$J33,IF(AND($J33>=DATE(2026,4,1),$J33<EDATE(DATE(2026,4,1),1),TODAY()>=$J33),$G33,0),MAX(0,MIN(IF(TODAY()>$K33,$K33,TODAY()),EDATE(DATE(2026,4,1),1))-MAX($J33,DATE(2026,4,1)))*$G33/($K33-$J33))) -> 679.93 | P33: =IF(OR($J33="",$K33="",$G33=""),0,IF($K33<=$J33,IF(AND($J33>=DATE(2026,5,1),$J33<EDATE(DATE(2026,5,1),1),TODAY()>=$J33),$G33,0),MAX(0,MIN(IF(TODAY()>$K33,$K33,TODAY()),EDATE(DATE(2026,5,1),1))-MAX($J33,DATE(2026,5,1)))*$G33/($K33-$J33))) -> 0 | Q33: =IF(OR($J33="",$K33="",$G33=""),0,IF($K33<=$J33,IF(AND($J33>=DATE(2026,6,1),$J33<EDATE(DATE(2026,5,1),1),TODAY()>=$J33),$G33,0),MAX(0,MIN(IF(TODAY()>$K33,$K33,TODAY()),EDATE(DATE(2026,6,1),1))-MAX($J33,DATE(2026,6,1)))*$G33/($K33-$J33))) -> 0 | R33: =SUMIF(Tableau!$A:$A,$A33,Tableau!E:E) -> #N/A | S33: =SUMIF(Tableau!$A:$A,$A33,Tableau!F:F) -> #N/A | T33: =SUMIF(Tableau!$A:$A,$A33,Tableau!G:G) -> #N/A | U33: =SUMIF(Tableau!$A:$A,$A33,Tableau!H:H) -> #N/A | V33: =SUMIF(Tableau!$A:$A,$A33,Tableau!I:I) -> #N/A | W33: =SUMIF(Tableau!$A:$A,$A33,Tableau!J:J) -> #N/A | X33: =SUMIF(Tableau!$A:$A,$A33,Tableau!P:P) -> #N/A | Y33: =SUMIF(Tableau!$A:$A,$A33,Tableau!Q:Q) -> #N/A | Z33: =SUMIF(Tableau!$A:$A,$A33,Tableau!R:R) -> #N/A | AA33: =SUMIF(Tableau!$A:$A,$A33,Tableau!S:S) -> #N/A | AB33: =SUMIF(Tableau!$A:$A,$A33,Tableau!T:T) -> #N/A | AC33: =SUMIF(Tableau!$A:$A,$A33,Tableau!U:U) -> #N/A | AE33: SEO | AF33: =IFERROR(AF15/AF24,0) -> 0 | AG33: =IFERROR(AG15/AG24,0) -> 0 | AH33: =IFERROR(AH15/AH24,0) -> 0 | AI33: =IFERROR(AI15/AI24,0) -> 0 | AJ33: =IFERROR(AJ15/AJ24,0) -> 0 | AK33: =IFERROR(AK15/AK24,0) -> 0 | AL33: =IFERROR(AL15/AL24,0) -> 0 | AV33: =SUM(AP33:AU33) -> -1.15 | BF33: =SUM(AZ33:BE33) -> #N/A | BH33: Gabostream | BI33: 0 | BJ33: 0 | BK33: 0 | BL33: 0 | BM33: 0 | BN33: 125.587 | BO33: 125.587 | CF33: =IFERROR(BT33/BZ33,0) -> 0 | CG33: =IFERROR(BU33/CA33,0) -> 0 | CH33: =IFERROR(BV33/CB33,0) -> 0 | CI33: =IFERROR(BW33/CC33,0) -> 0 | CJ33: =IFERROR(BX33/CD33,0) -> 0 | CK33: =IFERROR(BY33/CE33,0) -> 0
A34: =Data2026!A38 -> Zukwaan | B34: =Data2026!B38 -> 46129 | C34: =Data2026!C38 -> Fixed | D34: =Data2026!D38 -> Zukwaan | E34: =Data2026!E38 -> Elene_Gh | F34: =Data2026!F38 -> 46129 | G34: =Data2026!G38 -> 382.1 | H34: =Data2026!H38 -> Finished | ... K34: =Data2026!K38 -> 46131 | L34: =IF(OR($J34="",$K34="",$G34=""),0,IF($K34<=$J34,IF(AND($J34>=DATE(2026,1,1),$J34<EDATE(DATE(2026,1,1),1),TODAY()>=$J34),$G34,0),MAX(0,MIN(IF(TODAY()>$K34,$K34,TODAY()),EDATE(DATE(2026,1,1),1))-MAX($J34,DATE(2026,1,1)))*$G34/($K34-$J34))) -> 0 | M34: =IF(OR($J34="",$K34="",$G34=""),0,IF($K34<=$J34,IF(AND($J34>=DATE(2026,2,1),$J34<EDATE(DATE(2026,2,1),1),TODAY()>=$J34),$G34,0),MAX(0,MIN(IF(TODAY()>$K34,$K34,TODAY()),EDATE(DATE(2026,2,1),1))-MAX($J34,DATE(2026,2,1)))*$G34/($K34-$J34))) -> 0 | N34: =IF(OR($J34="",$K34="",$G34=""),0,IF($K34<=$J34,IF(AND($J34>=DATE(2026,3,1),$J34<EDATE(DATE(2026,3,1),1),TODAY()>=$J34),$G34,0),MAX(0,MIN(IF(TODAY()>$K34,$K34,TODAY()),EDATE(DATE(2026,3,1),1))-MAX($J34,DATE(2026,3,1)))*$G34/($K34-$J34))) -> 0 | O34: =IF(OR($J34="",$K34="",$G34=""),0,IF($K34<=$J34,IF(AND($J34>=DATE(2026,4,1),$J34<EDATE(DATE(2026,4,1),1),TODAY()>=$J34),$G34,0),MAX(0,MIN(IF(TODAY()>$K34,$K34,TODAY()),EDATE(DATE(2026,4,1),1))-MAX($J34,DATE(2026,4,1)))*$G34/($K34-$J34))) -> 382.1 | P34: =IF(OR($J34="",$K34="",$G34=""),0,IF($K34<=$J34,IF(AND($J34>=DATE(2026,5,1),$J34<EDATE(DATE(2026,5,1),1),TODAY()>=$J34),$G34,0),MAX(0,MIN(IF(TODAY()>$K34,$K34,TODAY()),EDATE(DATE(2026,5,1),1))-MAX($J34,DATE(2026,5,1)))*$G34/($K34-$J34))) -> 0 | Q34: =IF(OR($J34="",$K34="",$G34=""),0,IF($K34<=$J34,IF(AND($J34>=DATE(2026,6,1),$J34<EDATE(DATE(2026,5,1),1),TODAY()>=$J34),$G34,0),MAX(0,MIN(IF(TODAY()>$K34,$K34,TODAY()),EDATE(DATE(2026,6,1),1))-MAX($J34,DATE(2026,6,1)))*$G34/($K34-$J34))) -> 0 | R34: =SUMIF(Tableau!$A:$A,$A34,Tableau!E:E) -> #N/A | S34: =SUMIF(Tableau!$A:$A,$A34,Tableau!F:F) -> #N/A | T34: =SUMIF(Tableau!$A:$A,$A34,Tableau!G:G) -> #N/A | U34: =SUMIF(Tableau!$A:$A,$A34,Tableau!H:H) -> #N/A | V34: =SUMIF(Tableau!$A:$A,$A34,Tableau!I:I) -> #N/A | W34: =SUMIF(Tableau!$A:$A,$A34,Tableau!J:J) -> #N/A | X34: =SUMIF(Tableau!$A:$A,$A34,Tableau!P:P) -> #N/A | Y34: =SUMIF(Tableau!$A:$A,$A34,Tableau!Q:Q) -> #N/A | Z34: =SUMIF(Tableau!$A:$A,$A34,Tableau!R:R) -> #N/A | AA34: =SUMIF(Tableau!$A:$A,$A34,Tableau!S:S) -> #N/A | AB34: =SUMIF(Tableau!$A:$A,$A34,Tableau!T:T) -> #N/A | AC34: =SUMIF(Tableau!$A:$A,$A34,Tableau!U:U) -> #N/A | AE34: Tipster | AF34: =IFERROR(AF16/AF25,0) -> 0 | AG34: =IFERROR(AG16/AG25,0) -> 0 | AH34: =IFERROR(AH16/AH25,0) -> 0 | AI34: =IFERROR(AI16/AI25,0) -> 0 | AJ34: =IFERROR(AJ16/AJ25,0) -> 0 | AK34: =IFERROR(AK16/AK25,0) -> 0 | AL34: =IFERROR(AL16/AL25,0) -> 0 | AV34: =SUM(AP34:AU34) -> 334.082 | BF34: =SUM(AZ34:BE34) -> #N/A | BH34: MasterAffNetwork7640 | BI34: 0 | BJ34: 0 | BK34: 0 | BL34: 0 | BM34: 0 | BN34: 0 | BO34: 0 | CF34: =IFERROR(BT34/BZ34,0) -> 0 | CG34: =IFERROR(BU34/CA34,0) -> 0 | CH34: =IFERROR(BV34/CB34,0) -> 0 | CI34: =IFERROR(BW34/CC34,0) -> 0 | CJ34: =IFERROR(BX34/CD34,0) -> 0 | CK34: =IFERROR(BY34/CE34,0) -> 0
A35: =Data2026!A39 -> vkngaffiliates | B35: =Data2026!B39 -> 46135 | C35: =Data2026!C39 -> Fixed | D35: =Data2026!D39 -> vkngaffiliates | E35: =Data2026!E39 -> Nini_B | F35: =Data2026!F39 -> 46135 | G35: =Data2026!G39 -> 372.34 | H35: =Data2026!H39 -> Finished | ... K35: =Data2026!K39 -> 46145 | L35: =IF(OR($J35="",$K35="",$G35=""),0,IF($K35<=$J35,IF(AND($J35>=DATE(2026,1,1),$J35<EDATE(DATE(2026,1,1),1),TODAY()>=$J35),$G35,0),MAX(0,MIN(IF(TODAY()>$K35,$K35,TODAY()),EDATE(DATE(2026,1,1),1))-MAX($J35,DATE(2026,1,1)))*$G35/($K35-$J35))) -> 0 | M35: =IF(OR($J35="",$K35="",$G35=""),0,IF($K35<=$J35,IF(AND($J35>=DATE(2026,2,1),$J35<EDATE(DATE(2026,2,1),1),TODAY()>=$J35),$G35,0),MAX(0,MIN(IF(TODAY()>$K35,$K35,TODAY()),EDATE(DATE(2026,2,1),1))-MAX($J35,DATE(2026,2,1)))*$G35/($K35-$J35))) -> 0 | N35: =IF(OR($J35="",$K35="",$G35=""),0,IF($K35<=$J35,IF(AND($J35>=DATE(2026,3,1),$J35<EDATE(DATE(2026,3,1),1),TODAY()>=$J35),$G35,0),MAX(0,MIN(IF(TODAY()>$K35,$K35,TODAY()),EDATE(DATE(2026,3,1),1))-MAX($J35,DATE(2026,3,1)))*$G35/($K35-$J35))) -> 0 | O35: =IF(OR($J35="",$K35="",$G35=""),0,IF($K35<=$J35,IF(AND($J35>=DATE(2026,4,1),$J35<EDATE(DATE(2026,4,1),1),TODAY()>=$J35),$G35,0),MAX(0,MIN(IF(TODAY()>$K35,$K35,TODAY()),EDATE(DATE(2026,4,1),1))-MAX($J35,DATE(2026,4,1)))*$G35/($K35-$J35))) -> 248.22667 | P35: =IF(OR($J35="",$K35="",$G35=""),0,IF($K35<=$J35,IF(AND($J35>=DATE(2026,5,1),$J35<EDATE(DATE(2026,5,1),1),TODAY()>=$J35),$G35,0),MAX(0,MIN(IF(TODAY()>$K35,$K35,TODAY()),EDATE(DATE(2026,5,1),1))-MAX($J35,DATE(2026,5,1)))*$G35/($K35-$J35))) -> 124.11333 | Q35: =IF(OR($J35="",$K35="",$G35=""),0,IF($K35<=$J35,IF(AND($J35>=DATE(2026,6,1),$J35<EDATE(DATE(2026,5,1),1),TODAY()>=$J35),$G35,0),MAX(0,MIN(IF(TODAY()>$K35,$K35,TODAY()),EDATE(DATE(2026,6,1),1))-MAX($J35,DATE(2026,6,1)))*$G35/($K35-$J35))) -> 0 | R35: =SUMIF(Tableau!$A:$A,$A35,Tableau!E:E) -> #N/A | S35: =SUMIF(Tableau!$A:$A,$A35,Tableau!F:F) -> #N/A | T35: =SUMIF(Tableau!$A:$A,$A35,Tableau!G:G) -> #N/A | U35: =SUMIF(Tableau!$A:$A,$A35,Tableau!H:H) -> #N/A | V35: =SUMIF(Tableau!$A:$A,$A35,Tableau!I:I) -> #N/A | W35: =SUMIF(Tableau!$A:$A,$A35,Tableau!J:J) -> #N/A | X35: =SUMIF(Tableau!$A:$A,$A35,Tableau!P:P) -> #N/A | Y35: =SUMIF(Tableau!$A:$A,$A35,Tableau!Q:Q) -> #N/A | Z35: =SUMIF(Tableau!$A:$A,$A35,Tableau!R:R) -> #N/A | AA35: =SUMIF(Tableau!$A:$A,$A35,Tableau!S:S) -> #N/A | AB35: =SUMIF(Tableau!$A:$A,$A35,Tableau!T:T) -> #N/A | AC35: =SUMIF(Tableau!$A:$A,$A35,Tableau!U:U) -> #N/A | AE35: Media & Seo | AF35: =IFERROR(AF17/AF26,0) -> 0 | AG35: =IFERROR(AG17/AG26,0) -> 0 | AH35: =IFERROR(AH17/AH26,0) -> 0 | AI35: =IFERROR(AI17/AI26,0) -> 0 | AJ35: =IFERROR(AJ17/AJ26,0) -> 0 | AK35: =IFERROR(AK17/AK26,0) -> 0 | AL35: =IFERROR(AL17/AL26,0) -> 0 | AV35: =SUM(AP35:AU35) -> 29447.727 | BF35: =SUM(AZ35:BE35) -> #N/A | BH35: Baldu | BI35: 0 | BJ35: 0 | BK35: 0 | BL35: 0 | BM35: 0 | BN35: 0 | BO35: 0 | CF35: =IFERROR(BT35/BZ35,0) -> 0 | CG35: =IFERROR(BU35/CA35,0) -> 0 | CH35: =IFERROR(BV35/CB35,0) -> 0 | CI35: =IFERROR(BW35/CC35,0) -> 0 | CJ35: =IFERROR(BX35/CD35,0) -> 0 | CK35: =IFERROR(BY35/CE35,0) -> 0
A36: =Data2026!A40 -> Tinchogramu | B36: =Data2026!B40 -> 46135 | C36: =Data2026!C40 -> Fixed | D36: =Data2026!D40 -> Tinchogramu | E36: =Data2026!E40 -> Elene_Gh | F36: =Data2026!F40 -> 46135 | G36: =Data2026!G40 -> 361.7 | H36: =Data2026!H40 -> Finished | ... K36: =Data2026!K40 -> 46141 | L36: =IF(OR($J36="",$K36="",$G36=""),0,IF($K36<=$J36,IF(AND($J36>=DATE(2026,1,1),$J36<EDATE(DATE(2026,1,1),1),TODAY()>=$J36),$G36,0),MAX(0,MIN(IF(TODAY()>$K36,$K36,TODAY()),EDATE(DATE(2026,1,1),1))-MAX($J36,DATE(2026,1,1)))*$G36/($K36-$J36))) -> 0 | M36: =IF(OR($J36="",$K36="",$G36=""),0,IF($K36<=$J36,IF(AND($J36>=DATE(2026,2,1),$J36<EDATE(DATE(2026,2,1),1),TODAY()>=$J36),$G36,0),MAX(0,MIN(IF(TODAY()>$K36,$K36,TODAY()),EDATE(DATE(2026,2,1),1))-MAX($J36,DATE(2026,2,1)))*$G36/($K36-$J36))) -> 0 | N36: =IF(OR($J36="",$K36="",$G36=""),0,IF($K36<=$J36,IF(AND($J36>=DATE(2026,3,1),$J36<EDATE(DATE(2026,3,1),1),TODAY()>=$J36),$G36,0),MAX(0,MIN(IF(TODAY()>$K36,$K36,TODAY()),EDATE(DATE(2026,3,1),1))-MAX($J36,DATE(2026,3,1)))*$G36/($K36-$J36))) -> 0 | O36: =IF(OR($J36="",$K36="",$G36=""),0,IF($K36<=$J36,IF(AND($J36>=DATE(2026,4,1),$J36<EDATE(DATE(2026,4,1),1),TODAY()>=$J36),$G36,0),MAX(0,MIN(IF(TODAY()>$K36,$K36,TODAY()),EDATE(DATE(2026,4,1),1))-MAX($J36,DATE(2026,4,1)))*$G36/($K36-$J36))) -> 361.7 | P36: =IF(OR($J36="",$K36="",$G36=""),0,IF($K36<=$J36,IF(AND($J36>=DATE(2026,5,1),$J36<EDATE(DATE(2026,5,1),1),TODAY()>=$J36),$G36,0),MAX(0,MIN(IF(TODAY()>$K36,$K36,TODAY()),EDATE(DATE(2026,5,1),1))-MAX($J36,DATE(2026,5,1)))*$G36/($K36-$J36))) -> 0 | Q36: =IF(OR($J36="",$K36="",$G36=""),0,IF($K36<=$J36,IF(AND($J36>=DATE(2026,6,1),$J36<EDATE(DATE(2026,5,1),1),TODAY()>=$J36),$G36,0),MAX(0,MIN(IF(TODAY()>$K36,$K36,TODAY()),EDATE(DATE(2026,6,1),1))-MAX($J36,DATE(2026,6,1)))*$G36/($K36-$J36))) -> 0 | R36: =SUMIF(Tableau!$A:$A,$A36,Tableau!E:E) -> #N/A | S36: =SUMIF(Tableau!$A:$A,$A36,Tableau!F:F) -> #N/A | T36: =SUMIF(Tableau!$A:$A,$A36,Tableau!G:G) -> #N/A | U36: =SUMIF(Tableau!$A:$A,$A36,Tableau!H:H) -> #N/A | V36: =SUMIF(Tableau!$A:$A,$A36,Tableau!I:I) -> #N/A | W36: =SUMIF(Tableau!$A:$A,$A36,Tableau!J:J) -> #N/A | X36: =SUMIF(Tableau!$A:$A,$A36,Tableau!P:P) -> #N/A | Y36: =SUMIF(Tableau!$A:$A,$A36,Tableau!Q:Q) -> #N/A | Z36: =SUMIF(Tableau!$A:$A,$A36,Tableau!R:R) -> #N/A | AA36: =SUMIF(Tableau!$A:$A,$A36,Tableau!S:S) -> #N/A | AB36: =SUMIF(Tableau!$A:$A,$A36,Tableau!T:T) -> #N/A | AC36: =SUMIF(Tableau!$A:$A,$A36,Tableau!U:U) -> #N/A | AE36: Grand Total | AF36: =IFERROR(AF18/AF27,0) -> 0 | AG36: =IFERROR(AG18/AG27,0) -> 0 | AH36: =IFERROR(AH18/AH27,0) -> 0 | AI36: =IFERROR(AI18/AI27,0) -> 0 | AJ36: =IFERROR(AJ18/AJ27,0) -> 0 | AK36: =IFERROR(AK18/AK27,0) -> 0 | AL36: =IFERROR(AL18/AL27,0) -> 0 | AV36: =SUM(AP36:AU36) -> 7500 | BF36: =SUM(AZ36:BE36) -> #N/A | BH36: Kanadamaxi | BI36: 0 | BJ36: 0 | BK36: 0 | BL36: 0 | BM36: 0 | BN36: 0 | BO36: 0 | CF36: =IFERROR(BT36/BZ36,0) -> 0 | CG36: =IFERROR(BU36/CA36,0) -> 0 | CH36: =IFERROR(BV36/CB36,0) -> 0 | CI36: =IFERROR(BW36/CC36,0) -> 0 | CJ36: =IFERROR(BX36/CD36,0) -> 0 | CK36: =IFERROR(BY36/CE36,0) -> 0
A37: =Data2026!A41 -> soroleto | B37: =Data2026!B41 -> 46136 | C37: =Data2026!C41 -> Fixed | D37: =Data2026!D41 -> soroleto | E37: =Data2026!E41 -> Elene_Gh | F37: =Data2026!F41 -> 46136 | G37: =Data2026!G41 -> 1361.18 | H37: =Data2026!H41 -> Finished | ... K37: =Data2026!K41 -> 46143 | L37: =IF(OR($J37="",$K37="",$G37=""),0,IF($K37<=$J37,IF(AND($J37>=DATE(2026,1,1),$J37<EDATE(DATE(2026,1,1),1),TODAY()>=$J37),$G37,0),MAX(0,MIN(IF(TODAY()>$K37,$K37,TODAY()),EDATE(DATE(2026,1,1),1))-MAX($J37,DATE(2026,1,1)))*$G37/($K37-$J37))) -> 0 | M37: =IF(OR($J37="",$K37="",$G37=""),0,IF($K37<=$J37,IF(AND($J37>=DATE(2026,2,1),$J37<EDATE(DATE(2026,2,1),1),TODAY()>=$J37),$G37,0),MAX(0,MIN(IF(TODAY()>$K37,$K37,TODAY()),EDATE(DATE(2026,2,1),1))-MAX($J37,DATE(2026,2,1)))*$G37/($K37-$J37))) -> 0 | N37: =IF(OR($J37="",$K37="",$G37=""),0,IF($K37<=$J37,IF(AND($J37>=DATE(2026,3,1),$J37<EDATE(DATE(2026,3,1),1),TODAY()>=$J37),$G37,0),MAX(0,MIN(IF(TODAY()>$K37,$K37,TODAY()),EDATE(DATE(2026,3,1),1))-MAX($J37,DATE(2026,3,1)))*$G37/($K37-$J37))) -> 0 | O37: =IF(OR($J37="",$K37="",$G37=""),0,IF($K37<=$J37,IF(AND($J37>=DATE(2026,4,1),$J37<EDATE(DATE(2026,4,1),1),TODAY()>=$J37),$G37,0),MAX(0,MIN(IF(TODAY()>$K37,$K37,TODAY()),EDATE(DATE(2026,4,1),1))-MAX($J37,DATE(2026,4,1)))*$G37/($K37-$J37))) -> 1361.18 | P37: =IF(OR($J37="",$K37="",$G37=""),0,IF($K37<=$J37,IF(AND($J37>=DATE(2026,5,1),$J37<EDATE(DATE(2026,5,1),1),TODAY()>=$J37),$G37,0),MAX(0,MIN(IF(TODAY()>$K37,$K37,TODAY()),EDATE(DATE(2026,5,1),1))-MAX($J37,DATE(2026,5,1)))*$G37/($K37-$J37))) -> 0 | Q37: =IF(OR($J37="",$K37="",$G37=""),0,IF($K37<=$J37,IF(AND($J37>=DATE(2026,6,1),$J37<EDATE(DATE(2026,5,1),1),TODAY()>=$J37),$G37,0),MAX(0,MIN(IF(TODAY()>$K37,$K37,TODAY()),EDATE(DATE(2026,6,1),1))-MAX($J37,DATE(2026,6,1)))*$G37/($K37-$J37))) -> 0 | R37: =SUMIF(Tableau!$A:$A,$A37,Tableau!E:E) -> #N/A | S37: =SUMIF(Tableau!$A:$A,$A37,Tableau!F:F) -> #N/A | T37: =SUMIF(Tableau!$A:$A,$A37,Tableau!G:G) -> #N/A | U37: =SUMIF(Tableau!$A:$A,$A37,Tableau!H:H) -> #N/A | V37: =SUMIF(Tableau!$A:$A,$A37,Tableau!I:I) -> #N/A | W37: =SUMIF(Tableau!$A:$A,$A37,Tableau!J:J) -> #N/A | X37: =SUMIF(Tableau!$A:$A,$A37,Tableau!P:P) -> #N/A | Y37: =SUMIF(Tableau!$A:$A,$A37,Tableau!Q:Q) -> #N/A | Z37: =SUMIF(Tableau!$A:$A,$A37,Tableau!R:R) -> #N/A | AA37: =SUMIF(Tableau!$A:$A,$A37,Tableau!S:S) -> #N/A | AB37: =SUMIF(Tableau!$A:$A,$A37,Tableau!T:T) -> #N/A | AC37: =SUMIF(Tableau!$A:$A,$A37,Tableau!U:U) -> #N/A | AV37: =SUM(AP37:AU37) -> 1663.78 | BF37: =SUM(AZ37:BE37) -> #N/A | BH37: Ethanx | BI37: 0 | BJ37: 0 | BK37: 0 | BL37: 0 | BM37: 42.476429 | BN37: 0 | BO37: 42.476429 | CF37: =IFERROR(BT37/BZ37,0) -> 0 | CG37: =IFERROR(BU37/CA37,0) -> 0 | CH37: =IFERROR(BV37/CB37,0) -> 0 | CI37: =IFERROR(BW37/CC37,0) -> 0 | CJ37: =IFERROR(BX37/CD37,0) -> 0 | CK37: =IFERROR(BY37/CE37,0) -> 0
A38: =Data2026!A42 -> reborced | B38: =Data2026!B42 -> 46136 | C38: =Data2026!C42 -> Fixed | D38: =Data2026!D42 -> reborced | E38: =Data2026!E42 -> Elene_Gh | F38: =Data2026!F42 -> 46136 | G38: =Data2026!G42 -> 1361.18 | H38: =Data2026!H42 -> Finished | ... K38: =Data2026!K42 -> 46143 | L38: =IF(OR($J38="",$K38="",$G38=""),0,IF($K38<=$J38,IF(AND($J38>=DATE(2026,1,1),$J38<EDATE(DATE(2026,1,1),1),TODAY()>=$J38),$G38,0),MAX(0,MIN(IF(TODAY()>$K38,$K38,TODAY()),EDATE(DATE(2026,1,1),1))-MAX($J38,DATE(2026,1,1)))*$G38/($K38-$J38))) -> 0 | M38: =IF(OR($J38="",$K38="",$G38=""),0,IF($K38<=$J38,IF(AND($J38>=DATE(2026,2,1),$J38<EDATE(DATE(2026,2,1),1),TODAY()>=$J38),$G38,0),MAX(0,MIN(IF(TODAY()>$K38,$K38,TODAY()),EDATE(DATE(2026,2,1),1))-MAX($J38,DATE(2026,2,1)))*$G38/($K38-$J38))) -> 0 | N38: =IF(OR($J38="",$K38="",$G38=""),0,IF($K38<=$J38,IF(AND($J38>=DATE(2026,3,1),$J38<EDATE(DATE(2026,3,1),1),TODAY()>=$J38),$G38,0),MAX(0,MIN(IF(TODAY()>$K38,$K38,TODAY()),EDATE(DATE(2026,3,1),1))-MAX($J38,DATE(2026,3,1)))*$G38/($K38-$J38))) -> 0 | O38: =IF(OR($J38="",$K38="",$G38=""),0,IF($K38<=$J38,IF(AND($J38>=DATE(2026,4,1),$J38<EDATE(DATE(2026,4,1),1),TODAY()>=$J38),$G38,0),MAX(0,MIN(IF(TODAY()>$K38,$K38,TODAY()),EDATE(DATE(2026,4,1),1))-MAX($J38,DATE(2026,4,1)))*$G38/($K38-$J38))) -> 1361.18 | P38: =IF(OR($J38="",$K38="",$G38=""),0,IF($K38<=$J38,IF(AND($J38>=DATE(2026,5,1),$J38<EDATE(DATE(2026,5,1),1),TODAY()>=$J38),$G38,0),MAX(0,MIN(IF(TODAY()>$K38,$K38,TODAY()),EDATE(DATE(2026,5,1),1))-MAX($J38,DATE(2026,5,1)))*$G38/($K38-$J38))) -> 0 | Q38: =IF(OR($J38="",$K38="",$G38=""),0,IF($K38<=$J38,IF(AND($J38>=DATE(2026,6,1),$J38<EDATE(DATE(2026,5,1),1),TODAY()>=$J38),$G38,0),MAX(0,MIN(IF(TODAY()>$K38,$K38,TODAY()),EDATE(DATE(2026,6,1),1))-MAX($J38,DATE(2026,6,1)))*$G38/($K38-$J38))) -> 0 | R38: =SUMIF(Tableau!$A:$A,$A38,Tableau!E:E) -> #N/A | S38: =SUMIF(Tableau!$A:$A,$A38,Tableau!F:F) -> #N/A | T38: =SUMIF(Tableau!$A:$A,$A38,Tableau!G:G) -> #N/A | U38: =SUMIF(Tableau!$A:$A,$A38,Tableau!H:H) -> #N/A | V38: =SUMIF(Tableau!$A:$A,$A38,Tableau!I:I) -> #N/A | W38: =SUMIF(Tableau!$A:$A,$A38,Tableau!J:J) -> #N/A | X38: =SUMIF(Tableau!$A:$A,$A38,Tableau!P:P) -> #N/A | Y38: =SUMIF(Tableau!$A:$A,$A38,Tableau!Q:Q) -> #N/A | Z38: =SUMIF(Tableau!$A:$A,$A38,Tableau!R:R) -> #N/A | AA38: =SUMIF(Tableau!$A:$A,$A38,Tableau!S:S) -> #N/A | AB38: =SUMIF(Tableau!$A:$A,$A38,Tableau!T:T) -> #N/A | AC38: =SUMIF(Tableau!$A:$A,$A38,Tableau!U:U) -> #N/A | AV38: =SUM(AP38:AU38) -> 2429.62 | BF38: =SUM(AZ38:BE38) -> #N/A | BH38: SaltySpins | BI38: 0 | BJ38: 0 | BK38: 0 | BL38: 0 | BM38: 0 | BN38: 0 | BO38: 0 | CF38: =IFERROR(BT38/BZ38,0) -> 0 | CG38: =IFERROR(BU38/CA38,0) -> 0 | CH38: =IFERROR(BV38/CB38,0) -> 0 | CI38: =IFERROR(BW38/CC38,0) -> 0 | CJ38: =IFERROR(BX38/CD38,0) -> 0 | CK38: =IFERROR(BY38/CE38,0) -> 0
A39: =Data2026!A43 -> octomediagroup | B39: =Data2026!B43 -> 46136 | C39: =Data2026!C43 -> Fixed | D39: =Data2026!D43 -> octomediagroup | E39: =Data2026!E43 -> Nini_B | F39: =Data2026!F43 -> 46029 | G39: =Data2026!G43 -> 4000 | H39: =Data2026!H43 -> Finished | ... K39: =Data2026!K43 -> 46174 | L39: =IF(OR($J39="",$K39="",$G39=""),0,IF($K39<=$J39,IF(AND($J39>=DATE(2026,1,1),$J39<EDATE(DATE(2026,1,1),1),TODAY()>=$J39),$G39,0),MAX(0,MIN(IF(TODAY()>$K39,$K39,TODAY()),EDATE(DATE(2026,1,1),1))-MAX($J39,DATE(2026,1,1)))*$G39/($K39-$J39))) -> 0 | M39: =IF(OR($J39="",$K39="",$G39=""),0,IF($K39<=$J39,IF(AND($J39>=DATE(2026,2,1),$J39<EDATE(DATE(2026,2,1),1),TODAY()>=$J39),$G39,0),MAX(0,MIN(IF(TODAY()>$K39,$K39,TODAY()),EDATE(DATE(2026,2,1),1))-MAX($J39,DATE(2026,2,1)))*$G39/($K39-$J39))) -> 0 | N39: =IF(OR($J39="",$K39="",$G39=""),0,IF($K39<=$J39,IF(AND($J39>=DATE(2026,3,1),$J39<EDATE(DATE(2026,3,1),1),TODAY()>=$J39),$G39,0),MAX(0,MIN(IF(TODAY()>$K39,$K39,TODAY()),EDATE(DATE(2026,3,1),1))-MAX($J39,DATE(2026,3,1)))*$G39/($K39-$J39))) -> 0 | O39: =IF(OR($J39="",$K39="",$G39=""),0,IF($K39<=$J39,IF(AND($J39>=DATE(2026,4,1),$J39<EDATE(DATE(2026,4,1),1),TODAY()>=$J39),$G39,0),MAX(0,MIN(IF(TODAY()>$K39,$K39,TODAY()),EDATE(DATE(2026,4,1),1))-MAX($J39,DATE(2026,4,1)))*$G39/($K39-$J39))) -> 242.42424 | P39: =IF(OR($J39="",$K39="",$G39=""),0,IF($K39<=$J39,IF(AND($J39>=DATE(2026,5,1),$J39<EDATE(DATE(2026,5,1),1),TODAY()>=$J39),$G39,0),MAX(0,MIN(IF(TODAY()>$K39,$K39,TODAY()),EDATE(DATE(2026,5,1),1))-MAX($J39,DATE(2026,5,1)))*$G39/($K39-$J39))) -> 3757.5758 | Q39: =IF(OR($J39="",$K39="",$G39=""),0,IF($K39<=$J39,IF(AND($J39>=DATE(2026,6,1),$J39<EDATE(DATE(2026,5,1),1),TODAY()>=$J39),$G39,0),MAX(0,MIN(IF(TODAY()>$K39,$K39,TODAY()),EDATE(DATE(2026,6,1),1))-MAX($J39,DATE(2026,6,1)))*$G39/($K39-$J39))) -> 0 | R39: =SUMIF(Tableau!$A:$A,$A39,Tableau!E:E) -> #N/A | S39: =SUMIF(Tableau!$A:$A,$A39,Tableau!F:F) -> #N/A | T39: =SUMIF(Tableau!$A:$A,$A39,Tableau!G:G) -> #N/A | U39: =SUMIF(Tableau!$A:$A,$A39,Tableau!H:H) -> #N/A | V39: =SUMIF(Tableau!$A:$A,$A39,Tableau!I:I) -> #N/A | W39: =SUMIF(Tableau!$A:$A,$A39,Tableau!J:J) -> #N/A | X39: =SUMIF(Tableau!$A:$A,$A39,Tableau!P:P) -> #N/A | Y39: =SUMIF(Tableau!$A:$A,$A39,Tableau!Q:Q) -> #N/A | Z39: =SUMIF(Tableau!$A:$A,$A39,Tableau!R:R) -> #N/A | AA39: =SUMIF(Tableau!$A:$A,$A39,Tableau!S:S) -> #N/A | AB39: =SUMIF(Tableau!$A:$A,$A39,Tableau!T:T) -> #N/A | AC39: =SUMIF(Tableau!$A:$A,$A39,Tableau!U:U) -> #N/A | AL39: Total | AV39: =SUM(AP39:AU39) -> 1759.75 | BF39: =SUM(AZ39:BE39) -> #N/A | BH39: bennyparcerias | BI39: 0 | BJ39: 0 | BK39: 0 | BL39: 0 | BM39: 117.64706 | BN39: 0 | BO39: 117.64706 | CF39: =IFERROR(BT39/BZ39,0) -> 0 | CG39: =IFERROR(BU39/CA39,0) -> 0 | CH39: =IFERROR(BV39/CB39,0) -> 0 | CI39: =IFERROR(BW39/CC39,0) -> 0 | CJ39: =IFERROR(BX39/CD39,0) -> 0 | CK39: =IFERROR(BY39/CE39,0) -> 0
A40: =Data2026!A44 -> OnePartners | B40: =Data2026!B44 -> 46136 | C40: =Data2026!C44 -> Fixed | D40: =Data2026!D44 -> OnePartners | E40: =Data2026!E44 -> Elene_Gh | F40: =Data2026!F44 -> 46136 | G40: =Data2026!G44 -> 200 | H40: =Data2026!H44 -> Finished | ... K40: =Data2026!K44 -> 46127 | L40: =IF(OR($J40="",$K40="",$G40=""),0,IF($K40<=$J40,IF(AND($J40>=DATE(2026,1,1),$J40<EDATE(DATE(2026,1,1),1),TODAY()>=$J40),$G40,0),MAX(0,MIN(IF(TODAY()>$K40,$K40,TODAY()),EDATE(DATE(2026,1,1),1))-MAX($J40,DATE(2026,1,1)))*$G40/($K40-$J40))) -> 0 | M40: =IF(OR($J40="",$K40="",$G40=""),0,IF($K40<=$J40,IF(AND($J40>=DATE(2026,2,1),$J40<EDATE(DATE(2026,2,1),1),TODAY()>=$J40),$G40,0),MAX(0,MIN(IF(TODAY()>$K40,$K40,TODAY()),EDATE(DATE(2026,2,1),1))-MAX($J40,DATE(2026,2,1)))*$G40/($K40-$J40))) -> 0 | N40: =IF(OR($J40="",$K40="",$G40=""),0,IF($K40<=$J40,IF(AND($J40>=DATE(2026,3,1),$J40<EDATE(DATE(2026,3,1),1),TODAY()>=$J40),$G40,0),MAX(0,MIN(IF(TODAY()>$K40,$K40,TODAY()),EDATE(DATE(2026,3,1),1))-MAX($J40,DATE(2026,3,1)))*$G40/($K40-$J40))) -> 25 | O40: =IF(OR($J40="",$K40="",$G40=""),0,IF($K40<=$J40,IF(AND($J40>=DATE(2026,4,1),$J40<EDATE(DATE(2026,4,1),1),TODAY()>=$J40),$G40,0),MAX(0,MIN(IF(TODAY()>$K40,$K40,TODAY()),EDATE(DATE(2026,4,1),1))-MAX($J40,DATE(2026,4,1)))*$G40/($K40-$J40))) -> 175 | P40: =IF(OR($J40="",$K40="",$G40=""),0,IF($K40<=$J40,IF(AND($J40>=DATE(2026,5,1),$J40<EDATE(DATE(2026,5,1),1),TODAY()>=$J40),$G40,0),MAX(0,MIN(IF(TODAY()>$K40,$K40,TODAY()),EDATE(DATE(2026,5,1),1))-MAX($J40,DATE(2026,5,1)))*$G40/($K40-$J40))) -> 0 | Q40: =IF(OR($J40="",$K40="",$G40=""),0,IF($K40<=$J40,IF(AND($J40>=DATE(2026,6,1),$J40<EDATE(DATE(2026,5,1),1),TODAY()>=$J40),$G40,0),MAX(0,MIN(IF(TODAY()>$K40,$K40,TODAY()),EDATE(DATE(2026,6,1),1))-MAX($J40,DATE(2026,6,1)))*$G40/($K40-$J40))) -> 0 | R40: =SUMIF(Tableau!$A:$A,$A40,Tableau!E:E) -> #N/A | S40: =SUMIF(Tableau!$A:$A,$A40,Tableau!F:F) -> #N/A | T40: =SUMIF(Tableau!$A:$A,$A40,Tableau!G:G) -> #N/A | U40: =SUMIF(Tableau!$A:$A,$A40,Tableau!H:H) -> #N/A | V40: =SUMIF(Tableau!$A:$A,$A40,Tableau!I:I) -> #N/A | W40: =SUMIF(Tableau!$A:$A,$A40,Tableau!J:J) -> #N/A | X40: =SUMIF(Tableau!$A:$A,$A40,Tableau!P:P) -> #N/A | Y40: =SUMIF(Tableau!$A:$A,$A40,Tableau!Q:Q) -> #N/A | Z40: =SUMIF(Tableau!$A:$A,$A40,Tableau!R:R) -> #N/A | AA40: =SUMIF(Tableau!$A:$A,$A40,Tableau!S:S) -> #N/A | AB40: =SUMIF(Tableau!$A:$A,$A40,Tableau!T:T) -> #N/A | AC40: =SUMIF(Tableau!$A:$A,$A40,Tableau!U:U) -> #N/A | AL40: =SUM(AF40:AK40) -> 41943.793 | AV40: =SUM(AP40:AU40) -> 4000 | BF40: =SUM(AZ40:BE40) -> #N/A | BH40: VALECHOBERK | BI40: 0 | BJ40: 0 | BK40: 0 | BL40: 312 | BM40: 60 | BN40: 0 | BO40: 200 | CF40: =IFERROR(BT40/BZ40,0) -> 0 | CG40: =IFERROR(BU40/CA40,0) -> 0 | CH40: =IFERROR(BV40/CB40,0) -> 0 | CI40: =IFERROR(BW40/CC40,0) -> 0 | CJ40: =IFERROR(BX40/CD40,0) -> 0 | CK40: =IFERROR(BY40/CE40,0) -> 0
A41: =Data2026!A45 -> SAIDIteam | B41: =Data2026!B45 -> 46139 | C41: =Data2026!C45 -> Fixed | D41: =Data2026!D45 -> SAIDIteam | E41: =Data2026!E45 -> Nini_B | F41: =Data2026!F45 -> 46139 | G41: =Data2026!G45 -> 5000.86 | H41: =Data2026!H45 -> Finished | ... K41: =Data2026!K45 -> 46174 | L41: =IF(OR($J41="",$K41="",$G41=""),0,IF($K41<=$J41,IF(AND($J41>=DATE(2026,1,1),$J41<EDATE(DATE(2026,1,1),1),TODAY()>=$J41),$G41,0),MAX(0,MIN(IF(TODAY()>$K41,$K41,TODAY()),EDATE(DATE(2026,1,1),1))-MAX($J41,DATE(2026,1,1)))*$G41/($K41-$J41))) -> 0 | M41: =IF(OR($J41="",$K41="",$G41=""),0,IF($K41<=$J41,IF(AND($J41>=DATE(2026,2,1),$J41<EDATE(DATE(2026,2,1),1),TODAY()>=$J41),$G41,0),MAX(0,MIN(IF(TODAY()>$K41,$K41,TODAY()),EDATE(DATE(2026,2,1),1))-MAX($J41,DATE(2026,2,1)))*$G41/($K41-$J41))) -> 0 | N41: =IF(OR($J41="",$K41="",$G41=""),0,IF($K41<=$J41,IF(AND($J41>=DATE(2026,3,1),$J41<EDATE(DATE(2026,3,1),1),TODAY()>=$J41),$G41,0),MAX(0,MIN(IF(TODAY()>$K41,$K41,TODAY()),EDATE(DATE(2026,3,1),1))-MAX($J41,DATE(2026,3,1)))*$G41/($K41-$J41))) -> 0 | O41: =IF(OR($J41="",$K41="",$G41=""),0,IF($K41<=$J41,IF(AND($J41>=DATE(2026,4,1),$J41<EDATE(DATE(2026,4,1),1),TODAY()>=$J41),$G41,0),MAX(0,MIN(IF(TODAY()>$K41,$K41,TODAY()),EDATE(DATE(2026,4,1),1))-MAX($J41,DATE(2026,4,1)))*$G41/($K41-$J41))) -> 0 | P41: =IF(OR($J41="",$K41="",$G41=""),0,IF($K41<=$J41,IF(AND($J41>=DATE(2026,5,1),$J41<EDATE(DATE(2026,5,1),1),TODAY()>=$J41),$G41,0),MAX(0,MIN(IF(TODAY()>$K41,$K41,TODAY()),EDATE(DATE(2026,5,1),1))-MAX($J41,DATE(2026,5,1)))*$G41/($K41-$J41))) -> 5000.86 | Q41: =IF(OR($J41="",$K41="",$G41=""),0,IF($K41<=$J41,IF(AND($J41>=DATE(2026,6,1),$J41<EDATE(DATE(2026,5,1),1),TODAY()>=$J41),$G41,0),MAX(0,MIN(IF(TODAY()>$K41,$K41,TODAY()),EDATE(DATE(2026,6,1),1))-MAX($J41,DATE(2026,6,1)))*$G41/($K41-$J41))) -> 0 | R41: =SUMIF(Tableau!$A:$A,$A41,Tableau!E:E) -> #N/A | S41: =SUMIF(Tableau!$A:$A,$A41,Tableau!F:F) -> #N/A | T41: =SUMIF(Tableau!$A:$A,$A41,Tableau!G:G) -> #N/A | U41: =SUMIF(Tableau!$A:$A,$A41,Tableau!H:H) -> #N/A | V41: =SUMIF(Tableau!$A:$A,$A41,Tableau!I:I) -> #N/A | W41: =SUMIF(Tableau!$A:$A,$A41,Tableau!J:J) -> #N/A | X41: =SUMIF(Tableau!$A:$A,$A41,Tableau!P:P) -> #N/A | Y41: =SUMIF(Tableau!$A:$A,$A41,Tableau!Q:Q) -> #N/A | Z41: =SUMIF(Tableau!$A:$A,$A41,Tableau!R:R) -> #N/A | AA41: =SUMIF(Tableau!$A:$A,$A41,Tableau!S:S) -> #N/A | AB41: =SUMIF(Tableau!$A:$A,$A41,Tableau!T:T) -> #N/A | AC41: =SUMIF(Tableau!$A:$A,$A41,Tableau!U:U) -> #N/A | AL41: =SUM(AF41:AK41) -> 72278.186 | AV41: =SUM(AP41:AU41) -> 200 | BF41: =SUM(AZ41:BE41) -> #N/A | BH41: andriiparfenov1 | BI41: 0 | BJ41: 0 | BK41: 0 | BL41: 0 | BM41: 0 | BN41: 0 | BO41: 400 | CF41: =IFERROR(BT41/BZ41,0) -> 0 | CG41: =IFERROR(BU41/CA41,0) -> 0 | CH41: =IFERROR(BV41/CB41,0) -> 0 | CI41: =IFERROR(BW41/CC41,0) -> 0 | CJ41: =IFERROR(BX41/CD41,0) -> 0 | CK41: =IFERROR(BY41/CE41,0) -> 0
A42: =Data2026!A47 -> Cybertribe | B42: =Data2026!B47 -> 46174 | C42: =Data2026!C47 -> Fixed | D42: =Data2026!D47 -> Cybertribe | E42: =Data2026!E47 -> Nini_B | F42: =Data2026!F47 -> 46327 | G42: =Data2026!G47 -> 20383.4 | H42: =Data2026!H47 -> Ongoing | ... K42: =Data2026!K47 -> 46356 | L42: =IF(OR($J42="",$K42="",$G42=""),0,IF($K42<=$J42,IF(AND($J42>=DATE(2026,1,1),$J42<EDATE(DATE(2026,1,1),1),TODAY()>=$J42),$G42,0),MAX(0,MIN(IF(TODAY()>$K42,$K42,TODAY()),EDATE(DATE(2026,1,1),1))-MAX($J42,DATE(2026,1,1)))*$G42/($K42-$J42))) -> 0 | M42: =IF(OR($J42="",$K42="",$G42=""),0,IF($K42<=$J42,IF(AND($J42>=DATE(2026,2,1),$J42<EDATE(DATE(2026,2,1),1),TODAY()>=$J42),$G42,0),MAX(0,MIN(IF(TODAY()>$K42,$K42,TODAY()),EDATE(DATE(2026,2,1),1))-MAX($J42,DATE(2026,2,1)))*$G42/($K42-$J42))) -> 0 | N42: =IF(OR($J42="",$K42="",$G42=""),0,IF($K42<=$J42,IF(AND($J42>=DATE(2026,3,1),$J42<EDATE(DATE(2026,3,1),1),TODAY()>=$J42),$G42,0),MAX(0,MIN(IF(TODAY()>$K42,$K42,TODAY()),EDATE(DATE(2026,3,1),1))-MAX($J42,DATE(2026,3,1)))*$G42/($K42-$J42))) -> 0 | O42: =IF(OR($J42="",$K42="",$G42=""),0,IF($K42<=$J42,IF(AND($J42>=DATE(2026,4,1),$J42<EDATE(DATE(2026,4,1),1),TODAY()>=$J42),$G42,0),MAX(0,MIN(IF(TODAY()>$K42,$K42,TODAY()),EDATE(DATE(2026,4,1),1))-MAX($J42,DATE(2026,4,1)))*$G42/($K42-$J42))) -> 0 | P42: =IF(OR($J42="",$K42="",$G42=""),0,IF($K42<=$J42,IF(AND($J42>=DATE(2026,5,1),$J42<EDATE(DATE(2026,5,1),1),TODAY()>=$J42),$G42,0),MAX(0,MIN(IF(TODAY()>$K42,$K42,TODAY()),EDATE(DATE(2026,5,1),1))-MAX($J42,DATE(2026,5,1)))*$G42/($K42-$J42))) -> 0 | Q42: =IF(OR($J42="",$K42="",$G42=""),0,IF($K42<=$J42,IF(AND($J42>=DATE(2026,6,1),$J42<EDATE(DATE(2026,5,1),1),TODAY()>=$J42),$G42,0),MAX(0,MIN(IF(TODAY()>$K42,$K42,TODAY()),EDATE(DATE(2026,6,1),1))-MAX($J42,DATE(2026,6,1)))*$G42/($K42-$J42))) -> 3359.9011 | R42: =SUMIF(Tableau!$A:$A,$A42,Tableau!E:E) -> #N/A | S42: =SUMIF(Tableau!$A:$A,$A42,Tableau!F:F) -> #N/A | T42: =SUMIF(Tableau!$A:$A,$A42,Tableau!G:G) -> #N/A | U42: =SUMIF(Tableau!$A:$A,$A42,Tableau!H:H) -> #N/A | V42: =SUMIF(Tableau!$A:$A,$A42,Tableau!I:I) -> #N/A | W42: =SUMIF(Tableau!$A:$A,$A42,Tableau!J:J) -> #N/A | X42: =SUMIF(Tableau!$A:$A,$A42,Tableau!P:P) -> #N/A | Y42: =SUMIF(Tableau!$A:$A,$A42,Tableau!Q:Q) -> #N/A | Z42: =SUMIF(Tableau!$A:$A,$A42,Tableau!R:R) -> #N/A | AA42: =SUMIF(Tableau!$A:$A,$A42,Tableau!S:S) -> #N/A | AB42: =SUMIF(Tableau!$A:$A,$A42,Tableau!T:T) -> #N/A | AC42: =SUMIF(Tableau!$A:$A,$A42,Tableau!U:U) -> #N/A | AL42: =SUM(AF42:AK42) -> 21162.415 | AV42: =SUM(AP42:AU42) -> 2708.04 | BF42: =SUM(AZ42:BE42) -> #N/A | BH42: Chicharkick | BI42: 0 | BJ42: 0 | BK42: 0 | BL42: 0 | BM42: 0 | BN42: 0 | BO42: 0 | CF42: =IFERROR(BT42/BZ42,0) -> 0 | CG42: =IFERROR(BU42/CA42,0) -> 0 | CH42: =IFERROR(BV42/CB42,0) -> 0 | CI42: =IFERROR(BW42/CC42,0) -> 0 | CJ42: =IFERROR(BX42/CD42,0) -> 0 | CK42: =IFERROR(BY42/CE42,0) -> 0
A43: =Data2026!A48 -> Upshiftmedia | B43: =Data2026!B48 -> 46141 | C43: =Data2026!C48 -> Fixed | D43: =Data2026!D48 -> Upshiftmedia | E43: =Data2026!E48 -> Nini_B | F43: =Data2026!F48 -> 46141 | G43: =Data2026!G48 -> 4000 | H43: =Data2026!H48 -> Finished | ... K43: =Data2026!K48 -> 46174 | L43: =IF(OR($J43="",$K43="",$G43=""),0,IF($K43<=$J43,IF(AND($J43>=DATE(2026,1,1),$J43<EDATE(DATE(2026,1,1),1),TODAY()>=$J43),$G43,0),MAX(0,MIN(IF(TODAY()>$K43,$K43,TODAY()),EDATE(DATE(2026,1,1),1))-MAX($J43,DATE(2026,1,1)))*$G43/($K43-$J43))) -> 0 | M43: =IF(OR($J43="",$K43="",$G43=""),0,IF($K43<=$J43,IF(AND($J43>=DATE(2026,2,1),$J43<EDATE(DATE(2026,2,1),1),TODAY()>=$J43),$G43,0),MAX(0,MIN(IF(TODAY()>$K43,$K43,TODAY()),EDATE(DATE(2026,2,1),1))-MAX($J43,DATE(2026,2,1)))*$G43/($K43-$J43))) -> 0 | N43: =IF(OR($J43="",$K43="",$G43=""),0,IF($K43<=$J43,IF(AND($J43>=DATE(2026,3,1),$J43<EDATE(DATE(2026,3,1),1),TODAY()>=$J43),$G43,0),MAX(0,MIN(IF(TODAY()>$K43,$K43,TODAY()),EDATE(DATE(2026,3,1),1))-MAX($J43,DATE(2026,3,1)))*$G43/($K43-$J43))) -> 0 | O43: =IF(OR($J43="",$K43="",$G43=""),0,IF($K43<=$J43,IF(AND($J43>=DATE(2026,4,1),$J43<EDATE(DATE(2026,4,1),1),TODAY()>=$J43),$G43,0),MAX(0,MIN(IF(TODAY()>$K43,$K43,TODAY()),EDATE(DATE(2026,4,1),1))-MAX($J43,DATE(2026,4,1)))*$G43/($K43-$J43))) -> 0 | P43: =IF(OR($J43="",$K43="",$G43=""),0,IF($K43<=$J43,IF(AND($J43>=DATE(2026,5,1),$J43<EDATE(DATE(2026,5,1),1),TODAY()>=$J43),$G43,0),MAX(0,MIN(IF(TODAY()>$K43,$K43,TODAY()),EDATE(DATE(2026,5,1),1))-MAX($J43,DATE(2026,5,1)))*$G43/($K43-$J43))) -> 4000 | Q43: =IF(OR($J43="",$K43="",$G43=""),0,IF($K43<=$J43,IF(AND($J43>=DATE(2026,6,1),$J43<EDATE(DATE(2026,5,1),1),TODAY()>=$J43),$G43,0),MAX(0,MIN(IF(TODAY()>$K43,$K43,TODAY()),EDATE(DATE(2026,6,1),1))-MAX($J43,DATE(2026,6,1)))*$G43/($K43-$J43))) -> 0 | R43: =SUMIF(Tableau!$A:$A,$A43,Tableau!E:E) -> #N/A | S43: =SUMIF(Tableau!$A:$A,$A43,Tableau!F:F) -> #N/A | T43: =SUMIF(Tableau!$A:$A,$A43,Tableau!G:G) -> #N/A | U43: =SUMIF(Tableau!$A:$A,$A43,Tableau!H:H) -> #N/A | V43: =SUMIF(Tableau!$A:$A,$A43,Tableau!I:I) -> #N/A | W43: =SUMIF(Tableau!$A:$A,$A43,Tableau!J:J) -> #N/A | X43: =SUMIF(Tableau!$A:$A,$A43,Tableau!P:P) -> #N/A | Y43: =SUMIF(Tableau!$A:$A,$A43,Tableau!Q:Q) -> #N/A | Z43: =SUMIF(Tableau!$A:$A,$A43,Tableau!R:R) -> #N/A | AA43: =SUMIF(Tableau!$A:$A,$A43,Tableau!S:S) -> #N/A | AB43: =SUMIF(Tableau!$A:$A,$A43,Tableau!T:T) -> #N/A | AC43: =SUMIF(Tableau!$A:$A,$A43,Tableau!U:U) -> #N/A | AL43: =SUM(AF43:AK43) -> 148775.73 | AV43: =SUM(AP43:AU43) -> 1361.18 | BF43: =SUM(AZ43:BE43) -> #N/A | BH43: MrBooster | BI43: 0 | BJ43: 0 | BK43: 60.080944 | BL43: 134.68695 | BM43: 0 | BN43: 0 | BO43: 87.567368 | CF43: =IFERROR(BT43/BZ43,0) -> 0 | CG43: =IFERROR(BU43/CA43,0) -> 0 | CH43: =IFERROR(BV43/CB43,0) -> 0 | CI43: =IFERROR(BW43/CC43,0) -> 0 | CJ43: =IFERROR(BX43/CD43,0) -> 0 | CK43: =IFERROR(BY43/CE43,0) -> 0
A44: =Data2026!A49 -> kasper12345 | B44: =Data2026!B49 -> 46141 | C44: =Data2026!C49 -> Fixed | D44: =Data2026!D49 -> kasper12345 | E44: =Data2026!E49 -> Elene_Gh | F44: =Data2026!F49 -> 46141 | G44: =Data2026!G49 -> 3000 | H44: =Data2026!H49 -> Finished | ... K44: =Data2026!K49 -> 46171 | L44: =IF(OR($J44="",$K44="",$G44=""),0,IF($K44<=$J44,IF(AND($J44>=DATE(2026,1,1),$J44<EDATE(DATE(2026,1,1),1),TODAY()>=$J44),$G44,0),MAX(0,MIN(IF(TODAY()>$K44,$K44,TODAY()),EDATE(DATE(2026,1,1),1))-MAX($J44,DATE(2026,1,1)))*$G44/($K44-$J44))) -> 0 | M44: =IF(OR($J44="",$K44="",$G44=""),0,IF($K44<=$J44,IF(AND($J44>=DATE(2026,2,1),$J44<EDATE(DATE(2026,2,1),1),TODAY()>=$J44),$G44,0),MAX(0,MIN(IF(TODAY()>$K44,$K44,TODAY()),EDATE(DATE(2026,2,1),1))-MAX($J44,DATE(2026,2,1)))*$G44/($K44-$J44))) -> 0 | N44: =IF(OR($J44="",$K44="",$G44=""),0,IF($K44<=$J44,IF(AND($J44>=DATE(2026,3,1),$J44<EDATE(DATE(2026,3,1),1),TODAY()>=$J44),$G44,0),MAX(0,MIN(IF(TODAY()>$K44,$K44,TODAY()),EDATE(DATE(2026,3,1),1))-MAX($J44,DATE(2026,3,1)))*$G44/($K44-$J44))) -> 0 | O44: =IF(OR($J44="",$K44="",$G44=""),0,IF($K44<=$J44,IF(AND($J44>=DATE(2026,4,1),$J44<EDATE(DATE(2026,4,1),1),TODAY()>=$J44),$G44,0),MAX(0,MIN(IF(TODAY()>$K44,$K44,TODAY()),EDATE(DATE(2026,4,1),1))-MAX($J44,DATE(2026,4,1)))*$G44/($K44-$J44))) -> 200 | P44: =IF(OR($J44="",$K44="",$G44=""),0,IF($K44<=$J44,IF(AND($J44>=DATE(2026,5,1),$J44<EDATE(DATE(2026,5,1),1),TODAY()>=$J44),$G44,0),MAX(0,MIN(IF(TODAY()>$K44,$K44,TODAY()),EDATE(DATE(2026,5,1),1))-MAX($J44,DATE(2026,5,1)))*$G44/($K44-$J44))) -> 2800 | Q44: =IF(OR($J44="",$K44="",$G44=""),0,IF($K44<=$J44,IF(AND($J44>=DATE(2026,6,1),$J44<EDATE(DATE(2026,5,1),1),TODAY()>=$J44),$G44,0),MAX(0,MIN(IF(TODAY()>$K44,$K44,TODAY()),EDATE(DATE(2026,6,1),1))-MAX($J44,DATE(2026,6,1)))*$G44/($K44-$J44))) -> 0 | R44: =SUMIF(Tableau!$A:$A,$A44,Tableau!E:E) -> #N/A | S44: =SUMIF(Tableau!$A:$A,$A44,Tableau!F:F) -> #N/A | T44: =SUMIF(Tableau!$A:$A,$A44,Tableau!G:G) -> #N/A | U44: =SUMIF(Tableau!$A:$A,$A44,Tableau!H:H) -> #N/A | V44: =SUMIF(Tableau!$A:$A,$A44,Tableau!I:I) -> #N/A | W44: =SUMIF(Tableau!$A:$A,$A44,Tableau!J:J) -> #N/A | X44: =SUMIF(Tableau!$A:$A,$A44,Tableau!P:P) -> #N/A | Y44: =SUMIF(Tableau!$A:$A,$A44,Tableau!Q:Q) -> #N/A | Z44: =SUMIF(Tableau!$A:$A,$A44,Tableau!R:R) -> #N/A | AA44: =SUMIF(Tableau!$A:$A,$A44,Tableau!S:S) -> #N/A | AB44: =SUMIF(Tableau!$A:$A,$A44,Tableau!T:T) -> #N/A | AC44: =SUMIF(Tableau!$A:$A,$A44,Tableau!U:U) -> #N/A | AL44: =SUM(AF44:AK44) -> 284160.12 | AV44: =SUM(AP44:AU44) -> 0 | BF44: =SUM(AZ44:BE44) -> #N/A | BH44: bboladin26 | BI44: 0 | BJ44: 0 | BK44: 0 | BL44: 0 | BM44: 0 | BN44: 0 | BO44: 0 | CF44: =IFERROR(BT44/BZ44,0) -> 0 | CG44: =IFERROR(BU44/CA44,0) -> 0 | CH44: =IFERROR(BV44/CB44,0) -> 0 | CI44: =IFERROR(BW44/CC44,0) -> 0 | CJ44: =IFERROR(BX44/CD44,0) -> 0 | CK44: =IFERROR(BY44/CE44,0) -> 0
A45: =Data2026!A50 -> PlayPartners | B45: =Data2026!B50 -> 46141 | C45: =Data2026!C50 -> CPA | D45: =Data2026!D50 -> PlayPartners | E45: =Data2026!E50 -> Nini_B | F45: =Data2026!F50 -> 46141 | G45: =Data2026!G50 -> 1650 | H45: =Data2026!H50 -> Finished | ... K45: =Data2026!K50 -> 46120 | L45: =IF(OR($J45="",$K45="",$G45=""),0,IF($K45<=$J45,IF(AND($J45>=DATE(2026,1,1),$J45<EDATE(DATE(2026,1,1),1),TODAY()>=$J45),$G45,0),MAX(0,MIN(IF(TODAY()>$K45,$K45,TODAY()),EDATE(DATE(2026,1,1),1))-MAX($J45,DATE(2026,1,1)))*$G45/($K45-$J45))) -> 0 | M45: =IF(OR($J45="",$K45="",$G45=""),0,IF($K45<=$J45,IF(AND($J45>=DATE(2026,2,1),$J45<EDATE(DATE(2026,2,1),1),TODAY()>=$J45),$G45,0),MAX(0,MIN(IF(TODAY()>$K45,$K45,TODAY()),EDATE(DATE(2026,2,1),1))-MAX($J45,DATE(2026,2,1)))*$G45/($K45-$J45))) -> 157.14286 | N45: =IF(OR($J45="",$K45="",$G45=""),0,IF($K45<=$J45,IF(AND($J45>=DATE(2026,3,1),$J45<EDATE(DATE(2026,3,1),1),TODAY()>=$J45),$G45,0),MAX(0,MIN(IF(TODAY()>$K45,$K45,TODAY()),EDATE(DATE(2026,3,1),1))-MAX($J45,DATE(2026,3,1)))*$G45/($K45-$J45))) -> 1217.8571 | O45: =IF(OR($J45="",$K45="",$G45=""),0,IF($K45<=$J45,IF(AND($J45>=DATE(2026,4,1),$J45<EDATE(DATE(2026,4,1),1),TODAY()>=$J45),$G45,0),MAX(0,MIN(IF(TODAY()>$K45,$K45,TODAY()),EDATE(DATE(2026,4,1),1))-MAX($J45,DATE(2026,4,1)))*$G45/($K45-$J45))) -> 275 | P45: =IF(OR($J45="",$K45="",$G45=""),0,IF($K45<=$J45,IF(AND($J45>=DATE(2026,5,1),$J45<EDATE(DATE(2026,5,1),1),TODAY()>=$J45),$G45,0),MAX(0,MIN(IF(TODAY()>$K45,$K45,TODAY()),EDATE(DATE(2026,5,1),1))-MAX($J45,DATE(2026,5,1)))*$G45/($K45-$J45))) -> 0 | Q45: =IF(OR($J45="",$K45="",$G45=""),0,IF($K45<=$J45,IF(AND($J45>=DATE(2026,6,1),$J45<EDATE(DATE(2026,5,1),1),TODAY()>=$J45),$G45,0),MAX(0,MIN(IF(TODAY()>$K45,$K45,TODAY()),EDATE(DATE(2026,6,1),1))-MAX($J45,DATE(2026,6,1)))*$G45/($K45-$J45))) -> 0 | R45: =SUMIF(Tableau!$A:$A,$A45,Tableau!E:E) -> #N/A | S45: =SUMIF(Tableau!$A:$A,$A45,Tableau!F:F) -> #N/A | T45: =SUMIF(Tableau!$A:$A,$A45,Tableau!G:G) -> #N/A | U45: =SUMIF(Tableau!$A:$A,$A45,Tableau!H:H) -> #N/A | V45: =SUMIF(Tableau!$A:$A,$A45,Tableau!I:I) -> #N/A | W45: =SUMIF(Tableau!$A:$A,$A45,Tableau!J:J) -> #N/A | X45: =SUMIF(Tableau!$A:$A,$A45,Tableau!P:P) -> #N/A | Y45: =SUMIF(Tableau!$A:$A,$A45,Tableau!Q:Q) -> #N/A | Z45: =SUMIF(Tableau!$A:$A,$A45,Tableau!R:R) -> #N/A | AA45: =SUMIF(Tableau!$A:$A,$A45,Tableau!S:S) -> #N/A | AB45: =SUMIF(Tableau!$A:$A,$A45,Tableau!T:T) -> #N/A | AC45: =SUMIF(Tableau!$A:$A,$A45,Tableau!U:U) -> #N/A | AL45: =SUM(AF45:AK45) -> 0 | AV45: =SUM(AP45:AU45) -> 5000.86 | BF45: =SUM(AZ45:BE45) -> #N/A | BH45: speedfps1 | BI45: 0 | BJ45: 0 | BK45: 0 | BL45: 0 | BM45: 33.519643 | BN45: 0 | BO45: 33.519643 | CF45: =IFERROR(BT45/BZ45,0) -> 0 | CG45: =IFERROR(BU45/CA45,0) -> 0 | CH45: =IFERROR(BV45/CB45,0) -> 0 | CI45: =IFERROR(BW45/CC45,0) -> 0 | CJ45: =IFERROR(BX45/CD45,0) -> 0 | CK45: =IFERROR(BY45/CE45,0) -> 0
A46: =Data2026!A51 -> PlayPartners | B46: =Data2026!B51 -> 46141 | C46: =Data2026!C51 -> CPA | D46: =Data2026!D51 -> PlayPartners | E46: =Data2026!E51 -> Nini_B | F46: =Data2026!F51 -> 46141 | G46: =Data2026!G51 -> 1650 | H46: =Data2026!H51 -> Finished | ... K46: =Data2026!K51 -> 46120 | L46: =IF(OR($J46="",$K46="",$G46=""),0,IF($K46<=$J46,IF(AND($J46>=DATE(2026,1,1),$J46<EDATE(DATE(2026,1,1),1),TODAY()>=$J46),$G46,0),MAX(0,MIN(IF(TODAY()>$K46,$K46,TODAY()),EDATE(DATE(2026,1,1),1))-MAX($J46,DATE(2026,1,1)))*$G46/($K46-$J46))) -> 0 | M46: =IF(OR($J46="",$K46="",$G46=""),0,IF($K46<=$J46,IF(AND($J46>=DATE(2026,2,1),$J46<EDATE(DATE(2026,2,1),1),TODAY()>=$J46),$G46,0),MAX(0,MIN(IF(TODAY()>$K46,$K46,TODAY()),EDATE(DATE(2026,2,1),1))-MAX($J46,DATE(2026,2,1)))*$G46/($K46-$J46))) -> 157.14286 | N46: =IF(OR($J46="",$K46="",$G46=""),0,IF($K46<=$J46,IF(AND($J46>=DATE(2026,3,1),$J46<EDATE(DATE(2026,3,1),1),TODAY()>=$J46),$G46,0),MAX(0,MIN(IF(TODAY()>$K46,$K46,TODAY()),EDATE(DATE(2026,3,1),1))-MAX($J46,DATE(2026,3,1)))*$G46/($K46-$J46))) -> 1217.8571 | O46: =IF(OR($J46="",$K46="",$G46=""),0,IF($K46<=$J46,IF(AND($J46>=DATE(2026,4,1),$J46<EDATE(DATE(2026,4,1),1),TODAY()>=$J46),$G46,0),MAX(0,MIN(IF(TODAY()>$K46,$K46,TODAY()),EDATE(DATE(2026,4,1),1))-MAX($J46,DATE(2026,4,1)))*$G46/($K46-$J46))) -> 275 | P46: =IF(OR($J46="",$K46="",$G46=""),0,IF($K46<=$J46,IF(AND($J46>=DATE(2026,5,1),$J46<EDATE(DATE(2026,5,1),1),TODAY()>=$J46),$G46,0),MAX(0,MIN(IF(TODAY()>$K46,$K46,TODAY()),EDATE(DATE(2026,5,1),1))-MAX($J46,DATE(2026,5,1)))*$G46/($K46-$J46))) -> 0 | Q46: =IF(OR($J46="",$K46="",$G46=""),0,IF($K46<=$J46,IF(AND($J46>=DATE(2026,6,1),$J46<EDATE(DATE(2026,5,1),1),TODAY()>=$J46),$G46,0),MAX(0,MIN(IF(TODAY()>$K46,$K46,TODAY()),EDATE(DATE(2026,6,1),1))-MAX($J46,DATE(2026,6,1)))*$G46/($K46-$J46))) -> 0 | W46: =SUMIF(Tableau!$A:$A,$A46,Tableau!J:J) -> #N/A | X46: =SUMIF(Tableau!$A:$A,$A46,Tableau!P:P) -> #N/A | Y46: =SUMIF(Tableau!$A:$A,$A46,Tableau!Q:Q) -> #N/A | AA46: =SUMIF(Tableau!$A:$A,$A46,Tableau!S:S) -> #N/A | AV46: =SUM(AP46:AU46) -> 256.68 | BF46: =SUM(AZ46:BE46) -> #N/A | BH46: soroleto | BI46: 0 | BJ46: 0 | BK46: 0 | BL46: 151.24222 | BM46: 0 | BN46: 0 | BO46: 151.24222 | CF46: =IFERROR(BT46/BZ46,0) -> 0 | CG46: =IFERROR(BU46/CA46,0) -> 0 | CH46: =IFERROR(BV46/CB46,0) -> 0 | CI46: =IFERROR(BW46/CC46,0) -> 0 | CJ46: =IFERROR(BX46/CD46,0) -> 0 | CK46: =IFERROR(BY46/CE46,0) -> 0
A47: =Data2026!A52 -> glcanada | B47: =Data2026!B52 -> 46142 | C47: =Data2026!C52 -> Fixed | D47: =Data2026!D52 -> glcanada | E47: =Data2026!E52 -> Elene_Gh | F47: =Data2026!F52 -> 46142 | G47: =Data2026!G52 -> 3500 | H47: =Data2026!H52 -> Finished | ... K47: =Data2026!K52 -> 46203 | L47: =IF(OR($J47="",$K47="",$G47=""),0,IF($K47<=$J47,IF(AND($J47>=DATE(2026,1,1),$J47<EDATE(DATE(2026,1,1),1),TODAY()>=$J47),$G47,0),MAX(0,MIN(IF(TODAY()>$K47,$K47,TODAY()),EDATE(DATE(2026,1,1),1))-MAX($J47,DATE(2026,1,1)))*$G47/($K47-$J47))) -> 0 | M47: =IF(OR($J47="",$K47="",$G47=""),0,IF($K47<=$J47,IF(AND($J47>=DATE(2026,2,1),$J47<EDATE(DATE(2026,2,1),1),TODAY()>=$J47),$G47,0),MAX(0,MIN(IF(TODAY()>$K47,$K47,TODAY()),EDATE(DATE(2026,2,1),1))-MAX($J47,DATE(2026,2,1)))*$G47/($K47-$J47))) -> 0 | N47: =IF(OR($J47="",$K47="",$G47=""),0,IF($K47<=$J47,IF(AND($J47>=DATE(2026,3,1),$J47<EDATE(DATE(2026,3,1),1),TODAY()>=$J47),$G47,0),MAX(0,MIN(IF(TODAY()>$K47,$K47,TODAY()),EDATE(DATE(2026,3,1),1))-MAX($J47,DATE(2026,3,1)))*$G47/($K47-$J47))) -> 0 | O47: =IF(OR($J47="",$K47="",$G47=""),0,IF($K47<=$J47,IF(AND($J47>=DATE(2026,4,1),$J47<EDATE(DATE(2026,4,1),1),TODAY()>=$J47),$G47,0),MAX(0,MIN(IF(TODAY()>$K47,$K47,TODAY()),EDATE(DATE(2026,4,1),1))-MAX($J47,DATE(2026,4,1)))*$G47/($K47-$J47))) -> 0 | P47: =IF(OR($J47="",$K47="",$G47=""),0,IF($K47<=$J47,IF(AND($J47>=DATE(2026,5,1),$J47<EDATE(DATE(2026,5,1),1),TODAY()>=$J47),$G47,0),MAX(0,MIN(IF(TODAY()>$K47,$K47,TODAY()),EDATE(DATE(2026,5,1),1))-MAX($J47,DATE(2026,5,1)))*$G47/($K47-$J47))) -> 1808.3333 | Q47: =IF(OR($J47="",$K47="",$G47=""),0,IF($K47<=$J47,IF(AND($J47>=DATE(2026,6,1),$J47<EDATE(DATE(2026,5,1),1),TODAY()>=$J47),$G47,0),MAX(0,MIN(IF(TODAY()>$K47,$K47,TODAY()),EDATE(DATE(2026,6,1),1))-MAX($J47,DATE(2026,6,1)))*$G47/($K47-$J47))) -> 1691.6667 | R47: =SUMIF(Tableau!$A:$A,$A47,Tableau!E:E) -> #N/A | S47: =SUMIF(Tableau!$A:$A,$A47,Tableau!F:F) -> #N/A | T47: =SUMIF(Tableau!$A:$A,$A47,Tableau!G:G) -> #N/A | U47: =SUMIF(Tableau!$A:$A,$A47,Tableau!H:H) -> #N/A | V47: =SUMIF(Tableau!$A:$A,$A47,Tableau!I:I) -> #N/A | W47: =SUMIF(Tableau!$A:$A,$A47,Tableau!J:J) -> #N/A | X47: =SUMIF(Tableau!$A:$A,$A47,Tableau!P:P) -> #N/A | Y47: =SUMIF(Tableau!$A:$A,$A47,Tableau!Q:Q) -> #N/A | Z47: =SUMIF(Tableau!$A:$A,$A47,Tableau!R:R) -> #N/A | AA47: =SUMIF(Tableau!$A:$A,$A47,Tableau!S:S) -> #N/A | AB47: =SUMIF(Tableau!$A:$A,$A47,Tableau!T:T) -> #N/A | AC47: =SUMIF(Tableau!$A:$A,$A47,Tableau!U:U) -> #N/A | AV47: =SUM(AP47:AU47) -> 1361.18 | BF47: =SUM(AZ47:BE47) -> #N/A | BH47: hstjorven | BI47: 0 | BJ47: 0 | BK47: 0 | BL47: 0 | BM47: 70.39 | BN47: 0 | BO47: 70.39 | CF47: =IFERROR(BT47/BZ47,0) -> 0 | CG47: =IFERROR(BU47/CA47,0) -> 0 | CH47: =IFERROR(BV47/CB47,0) -> 0 | CI47: =IFERROR(BW47/CC47,0) -> 0 | CJ47: =IFERROR(BX47/CD47,0) -> 0 | CK47: =IFERROR(BY47/CE47,0) -> 0
A48: =Data2026!A53 -> glcanada | B48: =Data2026!B53 -> 46142 | C48: =Data2026!C53 -> Fixed | D48: =Data2026!D53 -> glcanada | E48: =Data2026!E53 -> Elene_Gh | F48: =Data2026!F53 -> 46142 | G48: =Data2026!G53 -> 3500 | H48: =Data2026!H53 -> Finished | ... K48: =Data2026!K53 -> 46203 | L48: =IF(OR($J48="",$K48="",$G48=""),0,IF($K48<=$J48,IF(AND($J48>=DATE(2026,1,1),$J48<EDATE(DATE(2026,1,1),1),TODAY()>=$J48),$G48,0),MAX(0,MIN(IF(TODAY()>$K48,$K48,TODAY()),EDATE(DATE(2026,1,1),1))-MAX($J48,DATE(2026,1,1)))*$G48/($K48-$J48))) -> 0 | M48: =IF(OR($J48="",$K48="",$G48=""),0,IF($K48<=$J48,IF(AND($J48>=DATE(2026,2,1),$J48<EDATE(DATE(2026,2,1),1),TODAY()>=$J48),$G48,0),MAX(0,MIN(IF(TODAY()>$K48,$K48,TODAY()),EDATE(DATE(2026,2,1),1))-MAX($J48,DATE(2026,2,1)))*$G48/($K48-$J48))) -> 0 | N48: =IF(OR($J48="",$K48="",$G48=""),0,IF($K48<=$J48,IF(AND($J48>=DATE(2026,3,1),$J48<EDATE(DATE(2026,3,1),1),TODAY()>=$J48),$G48,0),MAX(0,MIN(IF(TODAY()>$K48,$K48,TODAY()),EDATE(DATE(2026,3,1),1))-MAX($J48,DATE(2026,3,1)))*$G48/($K48-$J48))) -> 0 | O48: =IF(OR($J48="",$K48="",$G48=""),0,IF($K48<=$J48,IF(AND($J48>=DATE(2026,4,1),$J48<EDATE(DATE(2026,4,1),1),TODAY()>=$J48),$G48,0),MAX(0,MIN(IF(TODAY()>$K48,$K48,TODAY()),EDATE(DATE(2026,4,1),1))-MAX($J48,DATE(2026,4,1)))*$G48/($K48-$J48))) -> 0 | P48: =IF(OR($J48="",$K48="",$G48=""),0,IF($K48<=$J48,IF(AND($J48>=DATE(2026,5,1),$J48<EDATE(DATE(2026,5,1),1),TODAY()>=$J48),$G48,0),MAX(0,MIN(IF(TODAY()>$K48,$K48,TODAY()),EDATE(DATE(2026,5,1),1))-MAX($J48,DATE(2026,5,1)))*$G48/($K48-$J48))) -> 1808.3333 | Q48: =IF(OR($J48="",$K48="",$G48=""),0,IF($K48<=$J48,IF(AND($J48>=DATE(2026,6,1),$J48<EDATE(DATE(2026,5,1),1),TODAY()>=$J48),$G48,0),MAX(0,MIN(IF(TODAY()>$K48,$K48,TODAY()),EDATE(DATE(2026,6,1),1))-MAX($J48,DATE(2026,6,1)))*$G48/($K48-$J48))) -> 1691.6667 | R48: =SUMIF(Tableau!$A:$A,$A48,Tableau!E:E) -> #N/A | S48: =SUMIF(Tableau!$A:$A,$A48,Tableau!F:F) -> #N/A | T48: =SUMIF(Tableau!$A:$A,$A48,Tableau!G:G) -> #N/A | U48: =SUMIF(Tableau!$A:$A,$A48,Tableau!H:H) -> #N/A | V48: =SUMIF(Tableau!$A:$A,$A48,Tableau!I:I) -> #N/A | W48: =SUMIF(Tableau!$A:$A,$A48,Tableau!J:J) -> #N/A | X48: =SUMIF(Tableau!$A:$A,$A48,Tableau!P:P) -> #N/A | Y48: =SUMIF(Tableau!$A:$A,$A48,Tableau!Q:Q) -> #N/A | Z48: =SUMIF(Tableau!$A:$A,$A48,Tableau!R:R) -> #N/A | AA48: =SUMIF(Tableau!$A:$A,$A48,Tableau!S:S) -> #N/A | AB48: =SUMIF(Tableau!$A:$A,$A48,Tableau!T:T) -> #N/A | AL48: Total | AV48: =SUM(AP48:AU48) -> 2815.65 | BF48: =SUM(AZ48:BE48) -> #N/A | BH48: totisuedd | BI48: 0 | BJ48: 0 | BK48: 0 | BL48: 45.328667 | BM48: 0 | BN48: 0 | BO48: 45.328667 | CF48: =IFERROR(BT48/BZ48,0) -> 0 | CG48: =IFERROR(BU48/CA48,0) -> 0 | CH48: =IFERROR(BV48/CB48,0) -> 0 | CI48: =IFERROR(BW48/CC48,0) -> 0 | CJ48: =IFERROR(BX48/CD48,0) -> 0 | CK48: =IFERROR(BY48/CE48,0) -> 0
A49: =Data2026!A54 -> Bbasher | B49: =Data2026!B54 -> 46142 | C49: =Data2026!C54 -> Fixed | D49: =Data2026!D54 -> Bbasher | E49: =Data2026!E54 -> Nini_B | F49: =Data2026!F54 -> 46142 | G49: =Data2026!G54 -> 17000 | H49: =Data2026!H54 -> Ongoing | ... K49: =Data2026!K54 -> 46249 | L49: =IF(OR($J49="",$K49="",$G49=""),0,IF($K49<=$J49,IF(AND($J49>=DATE(2026,1,1),$J49<EDATE(DATE(2026,1,1),1),TODAY()>=$J49),$G49,0),MAX(0,MIN(IF(TODAY()>$K49,$K49,TODAY()),EDATE(DATE(2026,1,1),1))-MAX($J49,DATE(2026,1,1)))*$G49/($K49-$J49))) -> 0 | M49: =IF(OR($J49="",$K49="",$G49=""),0,IF($K49<=$J49,IF(AND($J49>=DATE(2026,2,1),$J49<EDATE(DATE(2026,2,1),1),TODAY()>=$J49),$G49,0),MAX(0,MIN(IF(TODAY()>$K49,$K49,TODAY()),EDATE(DATE(2026,2,1),1))-MAX($J49,DATE(2026,2,1)))*$G49/($K49-$J49))) -> 0 | N49: =IF(OR($J49="",$K49="",$G49=""),0,IF($K49<=$J49,IF(AND($J49>=DATE(2026,3,1),$J49<EDATE(DATE(2026,3,1),1),TODAY()>=$J49),$G49,0),MAX(0,MIN(IF(TODAY()>$K49,$K49,TODAY()),EDATE(DATE(2026,3,1),1))-MAX($J49,DATE(2026,3,1)))*$G49/($K49-$J49))) -> 0 | O49: =IF(OR($J49="",$K49="",$G49=""),0,IF($K49<=$J49,IF(AND($J49>=DATE(2026,4,1),$J49<EDATE(DATE(2026,4,1),1),TODAY()>=$J49),$G49,0),MAX(0,MIN(IF(TODAY()>$K49,$K49,TODAY()),EDATE(DATE(2026,4,1),1))-MAX($J49,DATE(2026,4,1)))*$G49/($K49-$J49))) -> 0 | P49: =IF(OR($J49="",$K49="",$G49=""),0,IF($K49<=$J49,IF(AND($J49>=DATE(2026,5,1),$J49<EDATE(DATE(2026,5,1),1),TODAY()>=$J49),$G49,0),MAX(0,MIN(IF(TODAY()>$K49,$K49,TODAY()),EDATE(DATE(2026,5,1),1))-MAX($J49,DATE(2026,5,1)))*$G49/($K49-$J49))) -> 3141.3043 | Q49: =IF(OR($J49="",$K49="",$G49=""),0,IF($K49<=$J49,IF(AND($J49>=DATE(2026,6,1),$J49<EDATE(DATE(2026,5,1),1),TODAY()>=$J49),$G49,0),MAX(0,MIN(IF(TODAY()>$K49,$K49,TODAY()),EDATE(DATE(2026,6,1),1))-MAX($J49,DATE(2026,6,1)))*$G49/($K49-$J49))) -> 5543.4783 | R49: =SUMIF(Tableau!$A:$A,$A49,Tableau!E:E) -> #N/A | S49: =SUMIF(Tableau!$A:$A,$A49,Tableau!F:F) -> #N/A | T49: =SUMIF(Tableau!$A:$A,$A49,Tableau!G:G) -> #N/A | U49: =SUMIF(Tableau!$A:$A,$A49,Tableau!H:H) -> #N/A | V49: =SUMIF(Tableau!$A:$A,$A49,Tableau!I:I) -> #N/A | W49: =SUMIF(Tableau!$A:$A,$A49,Tableau!J:J) -> #N/A | X49: =SUMIF(Tableau!$A:$A,$A49,Tableau!P:P) -> #N/A | Y49: =SUMIF(Tableau!$A:$A,$A49,Tableau!Q:Q) -> #N/A | Z49: =SUMIF(Tableau!$A:$A,$A49,Tableau!R:R) -> #N/A | AA49: =SUMIF(Tableau!$A:$A,$A49,Tableau!S:S) -> #N/A | AB49: =SUMIF(Tableau!$A:$A,$A49,Tableau!T:T) -> #N/A | AC49: =SUMIF(Tableau!$A:$A,$A49,Tableau!U:U) -> #N/A | AL49: =SUM(AF49:AK49) -> #N/A | AV49: =SUM(AP49:AU49) -> 1864.33 | BF49: =SUM(AZ49:BE49) -> #N/A | BH49: Tinchogramu | BI49: 0 | BJ49: 0 | BK49: 0 | BL49: 72.34 | BM49: 0 | BN49: 0 | BO49: 72.34
A50: =Data2026!A55 -> clickelevate | B50: =Data2026!B55 -> 46142 | C50: =Data2026!C55 -> Fixed | D50: =Data2026!D55 -> clickelevate | E50: =Data2026!E55 -> Giorgi_Ts | F50: =Data2026!F55 -> 46142 | G50: =Data2026!G55 -> 1666.66 | H50: =Data2026!H55 -> Finished | ... K50: =Data2026!K55 -> 42521 | L50: =IF(OR($J50="",$K50="",$G50=""),0,IF($K50<=$J50,IF(AND($J50>=DATE(2026,1,1),$J50<EDATE(DATE(2026,1,1),1),TODAY()>=$J50),$G50,0),MAX(0,MIN(IF(TODAY()>$K50,$K50,TODAY()),EDATE(DATE(2026,1,1),1))-MAX($J50,DATE(2026,1,1)))*$G50/($K50-$J50))) -> 0 | M50: =IF(OR($J50="",$K50="",$G50=""),0,IF($K50<=$J50,IF(AND($J50>=DATE(2026,2,1),$J50<EDATE(DATE(2026,2,1),1),TODAY()>=$J50),$G50,0),MAX(0,MIN(IF(TODAY()>$K50,$K50,TODAY()),EDATE(DATE(2026,2,1),1))-MAX($J50,DATE(2026,2,1)))*$G50/($K50-$J50))) -> 0 | N50: =IF(OR($J50="",$K50="",$G50=""),0,IF($K50<=$J50,IF(AND($J50>=DATE(2026,3,1),$J50<EDATE(DATE(2026,3,1),1),TODAY()>=$J50),$G50,0),MAX(0,MIN(IF(TODAY()>$K50,$K50,TODAY()),EDATE(DATE(2026,3,1),1))-MAX($J50,DATE(2026,3,1)))*$G50/($K50-$J50))) -> 0 | O50: =IF(OR($J50="",$K50="",$G50=""),0,IF($K50<=$J50,IF(AND($J50>=DATE(2026,4,1),$J50<EDATE(DATE(2026,4,1),1),TODAY()>=$J50),$G50,0),MAX(0,MIN(IF(TODAY()>$K50,$K50,TODAY()),EDATE(DATE(2026,4,1),1))-MAX($J50,DATE(2026,4,1)))*$G50/($K50-$J50))) -> 0 | P50: =IF(OR($J50="",$K50="",$G50=""),0,IF($K50<=$J50,IF(AND($J50>=DATE(2026,5,1),$J50<EDATE(DATE(2026,5,1),1),TODAY()>=$J50),$G50,0),MAX(0,MIN(IF(TODAY()>$K50,$K50,TODAY()),EDATE(DATE(2026,5,1),1))-MAX($J50,DATE(2026,5,1)))*$G50/($K50-$J50))) -> 1666.66 | Q50: =IF(OR($J50="",$K50="",$G50=""),0,IF($K50<=$J50,IF(AND($J50>=DATE(2026,6,1),$J50<EDATE(DATE(2026,5,1),1),TODAY()>=$J50),$G50,0),MAX(0,MIN(IF(TODAY()>$K50,$K50,TODAY()),EDATE(DATE(2026,6,1),1))-MAX($J50,DATE(2026,6,1)))*$G50/($K50-$J50))) -> 0 | R50: =SUMIF(Tableau!$A:$A,$A50,Tableau!E:E) -> #N/A | S50: =SUMIF(Tableau!$A:$A,$A50,Tableau!F:F) -> #N/A | T50: =SUMIF(Tableau!$A:$A,$A50,Tableau!G:G) -> #N/A | U50: =SUMIF(Tableau!$A:$A,$A50,Tableau!H:H) -> #N/A | V50: =SUMIF(Tableau!$A:$A,$A50,Tableau!I:I) -> #N/A | W50: =SUMIF(Tableau!$A:$A,$A50,Tableau!J:J) -> #N/A | X50: =SUMIF(Tableau!$A:$A,$A50,Tableau!P:P) -> #N/A | Y50: =SUMIF(Tableau!$A:$A,$A50,Tableau!Q:Q) -> #N/A | Z50: =SUMIF(Tableau!$A:$A,$A50,Tableau!R:R) -> #N/A | AA50: =SUMIF(Tableau!$A:$A,$A50,Tableau!S:S) -> #N/A | AB50: =SUMIF(Tableau!$A:$A,$A50,Tableau!T:T) -> #N/A | AC50: =SUMIF(Tableau!$A:$A,$A50,Tableau!U:U) -> #N/A | AL50: =SUM(AF50:AK50) -> #N/A | AV50: =SUM(AP50:AU50) -> 2189.06 | BF50: =SUM(AZ50:BE50) -> #N/A | BH50: nightmarevc | BI50: 0 | BJ50: 0 | BK50: 0 | BL50: 0 | BM50: 5.3366723 | BN50: 0 | BO50: 23.633834
A51: =Data2026!A56 -> clickelevate | B51: =Data2026!B56 -> 46142 | C51: =Data2026!C56 -> Fixed | D51: =Data2026!D56 -> clickelevate | E51: =Data2026!E56 -> Giorgi_Ts | F51: =Data2026!F56 -> 46142 | G51: =Data2026!G56 -> 1666.67 | H51: =Data2026!H56 -> Finished | ... K51: =Data2026!K56 -> 42521 | L51: =IF(OR($J51="",$K51="",$G51=""),0,IF($K51<=$J51,IF(AND($J51>=DATE(2026,1,1),$J51<EDATE(DATE(2026,1,1),1),TODAY()>=$J51),$G51,0),MAX(0,MIN(IF(TODAY()>$K51,$K51,TODAY()),EDATE(DATE(2026,1,1),1))-MAX($J51,DATE(2026,1,1)))*$G51/($K51-$J51))) -> 0 | M51: =IF(OR($J51="",$K51="",$G51=""),0,IF($K51<=$J51,IF(AND($J51>=DATE(2026,2,1),$J51<EDATE(DATE(2026,2,1),1),TODAY()>=$J51),$G51,0),MAX(0,MIN(IF(TODAY()>$K51,$K51,TODAY()),EDATE(DATE(2026,2,1),1))-MAX($J51,DATE(2026,2,1)))*$G51/($K51-$J51))) -> 0 | N51: =IF(OR($J51="",$K51="",$G51=""),0,IF($K51<=$J51,IF(AND($J51>=DATE(2026,3,1),$J51<EDATE(DATE(2026,3,1),1),TODAY()>=$J51),$G51,0),MAX(0,MIN(IF(TODAY()>$K51,$K51,TODAY()),EDATE(DATE(2026,3,1),1))-MAX($J51,DATE(2026,3,1)))*$G51/($K51-$J51))) -> 0 | O51: =IF(OR($J51="",$K51="",$G51=""),0,IF($K51<=$J51,IF(AND($J51>=DATE(2026,4,1),$J51<EDATE(DATE(2026,4,1),1),TODAY()>=$J51),$G51,0),MAX(0,MIN(IF(TODAY()>$K51,$K51,TODAY()),EDATE(DATE(2026,4,1),1))-MAX($J51,DATE(2026,4,1)))*$G51/($K51-$J51))) -> 0 | P51: =IF(OR($J51="",$K51="",$G51=""),0,IF($K51<=$J51,IF(AND($J51>=DATE(2026,5,1),$J51<EDATE(DATE(2026,5,1),1),TODAY()>=$J51),$G51,0),MAX(0,MIN(IF(TODAY()>$K51,$K51,TODAY()),EDATE(DATE(2026,5,1),1))-MAX($J51,DATE(2026,5,1)))*$G51/($K51-$J51))) -> 1666.67 | Q51: =IF(OR($J51="",$K51="",$G51=""),0,IF($K51<=$J51,IF(AND($J51>=DATE(2026,6,1),$J51<EDATE(DATE(2026,5,1),1),TODAY()>=$J51),$G51,0),MAX(0,MIN(IF(TODAY()>$K51,$K51,TODAY()),EDATE(DATE(2026,6,1),1))-MAX($J51,DATE(2026,6,1)))*$G51/($K51-$J51))) -> 0 | R51: =SUMIF(Tableau!$A:$A,$A51,Tableau!E:E) -> #N/A | S51: =SUMIF(Tableau!$A:$A,$A51,Tableau!F:F) -> #N/A | T51: =SUMIF(Tableau!$A:$A,$A51,Tableau!G:G) -> #N/A | U51: =SUMIF(Tableau!$A:$A,$A51,Tableau!H:H) -> #N/A | W51: =SUMIF(Tableau!$A:$A,$A51,Tableau!J:J) -> #N/A | X51: =SUMIF(Tableau!$A:$A,$A51,Tableau!P:P) -> #N/A | Y51: =SUMIF(Tableau!$A:$A,$A51,Tableau!Q:Q) -> #N/A | AL51: =SUM(AF51:AK51) -> #N/A | AV51: =SUM(AP51:AU51) -> 361.7 | BF51: =SUM(AZ51:BE51) -> #N/A | BH51: trimics2 | BI51: 0 | BJ51: 0 | BK51: 200.34118 | BL51: 0 | BM51: 0 | BN51: 0 | BO51: 316.32818
A52: =Data2026!A57 -> clickelevate | B52: =Data2026!B57 -> 46142 | C52: =Data2026!C57 -> Fixed | D52: =Data2026!D57 -> clickelevate | E52: =Data2026!E57 -> Giorgi_Ts | F52: =Data2026!F57 -> 46142 | G52: =Data2026!G57 -> 1666.67 | H52: =Data2026!H57 -> Finished | ... K52: =Data2026!K57 -> 42521 | L52: =IF(OR($J52="",$K52="",$G52=""),0,IF($K52<=$J52,IF(AND($J52>=DATE(2026,1,1),$J52<EDATE(DATE(2026,1,1),1),TODAY()>=$J52),$G52,0),MAX(0,MIN(IF(TODAY()>$K52,$K52,TODAY()),EDATE(DATE(2026,1,1),1))-MAX($J52,DATE(2026,1,1)))*$G52/($K52-$J52))) -> 0 | M52: =IF(OR($J52="",$K52="",$G52=""),0,IF($K52<=$J52,IF(AND($J52>=DATE(2026,2,1),$J52<EDATE(DATE(2026,2,1),1),TODAY()>=$J52),$G52,0),MAX(0,MIN(IF(TODAY()>$K52,$K52,TODAY()),EDATE(DATE(2026,2,1),1))-MAX($J52,DATE(2026,2,1)))*$G52/($K52-$J52))) -> 0 | N52: =IF(OR($J52="",$K52="",$G52=""),0,IF($K52<=$J52,IF(AND($J52>=DATE(2026,3,1),$J52<EDATE(DATE(2026,3,1),1),TODAY()>=$J52),$G52,0),MAX(0,MIN(IF(TODAY()>$K52,$K52,TODAY()),EDATE(DATE(2026,3,1),1))-MAX($J52,DATE(2026,3,1)))*$G52/($K52-$J52))) -> 0 | O52: =IF(OR($J52="",$K52="",$G52=""),0,IF($K52<=$J52,IF(AND($J52>=DATE(2026,4,1),$J52<EDATE(DATE(2026,4,1),1),TODAY()>=$J52),$G52,0),MAX(0,MIN(IF(TODAY()>$K52,$K52,TODAY()),EDATE(DATE(2026,4,1),1))-MAX($J52,DATE(2026,4,1)))*$G52/($K52-$J52))) -> 0 | P52: =IF(OR($J52="",$K52="",$G52=""),0,IF($K52<=$J52,IF(AND($J52>=DATE(2026,5,1),$J52<EDATE(DATE(2026,5,1),1),TODAY()>=$J52),$G52,0),MAX(0,MIN(IF(TODAY()>$K52,$K52,TODAY()),EDATE(DATE(2026,5,1),1))-MAX($J52,DATE(2026,5,1)))*$G52/($K52-$J52))) -> 1666.67 | Q52: =IF(OR($J52="",$K52="",$G52=""),0,IF($K52<=$J52,IF(AND($J52>=DATE(2026,6,1),$J52<EDATE(DATE(2026,5,1),1),TODAY()>=$J52),$G52,0),MAX(0,MIN(IF(TODAY()>$K52,$K52,TODAY()),EDATE(DATE(2026,6,1),1))-MAX($J52,DATE(2026,6,1)))*$G52/($K52-$J52))) -> 0 | R52: =SUMIF(Tableau!$A:$A,$A52,Tableau!E:E) -> #N/A | S52: =SUMIF(Tableau!$A:$A,$A52,Tableau!F:F) -> #N/A | T52: =SUMIF(Tableau!$A:$A,$A52,Tableau!G:G) -> #N/A | U52: =SUMIF(Tableau!$A:$A,$A52,Tableau!H:H) -> #N/A | W52: =SUMIF(Tableau!$A:$A,$A52,Tableau!J:J) -> #N/A | X52: =SUMIF(Tableau!$A:$A,$A52,Tableau!P:P) -> #N/A | Y52: =SUMIF(Tableau!$A:$A,$A52,Tableau!Q:Q) -> #N/A | AL52: =SUM(AF52:AK52) -> #N/A | AV52: =SUM(AP52:AU52) -> 679.93 | BF52: =SUM(AZ52:BE52) -> #N/A | BH52: crazyslotsvip | BI52: 0 | BJ52: 0 | BK52: 0 | BL52: 0 | BM52: 0 | BN52: 0 | BO52: 0
A53: =Data2026!A58 -> occc | B53: =Data2026!B58 -> 46142 | C53: =Data2026!C58 -> Fixed | D53: =Data2026!D58 -> occc | E53: =Data2026!E58 -> Giorgi_Ts | F53: =Data2026!F58 -> 46142 | G53: =Data2026!G58 -> 1894.46 | H53: =Data2026!H58 -> Finished | ... K53: =Data2026!K58 -> 46203 | L53: =IF(OR($J53="",$K53="",$G53=""),0,IF($K53<=$J53,IF(AND($J53>=DATE(2026,1,1),$J53<EDATE(DATE(2026,1,1),1),TODAY()>=$J53),$G53,0),MAX(0,MIN(IF(TODAY()>$K53,$K53,TODAY()),EDATE(DATE(2026,1,1),1))-MAX($J53,DATE(2026,1,1)))*$G53/($K53-$J53))) -> 0 | M53: =IF(OR($J53="",$K53="",$G53=""),0,IF($K53<=$J53,IF(AND($J53>=DATE(2026,2,1),$J53<EDATE(DATE(2026,2,1),1),TODAY()>=$J53),$G53,0),MAX(0,MIN(IF(TODAY()>$K53,$K53,TODAY()),EDATE(DATE(2026,2,1),1))-MAX($J53,DATE(2026,2,1)))*$G53/($K53-$J53))) -> 0 | N53: =IF(OR($J53="",$K53="",$G53=""),0,IF($K53<=$J53,IF(AND($J53>=DATE(2026,3,1),$J53<EDATE(DATE(2026,3,1),1),TODAY()>=$J53),$G53,0),MAX(0,MIN(IF(TODAY()>$K53,$K53,TODAY()),EDATE(DATE(2026,3,1),1))-MAX($J53,DATE(2026,3,1)))*$G53/($K53-$J53))) -> 0 | O53: =IF(OR($J53="",$K53="",$G53=""),0,IF($K53<=$J53,IF(AND($J53>=DATE(2026,4,1),$J53<EDATE(DATE(2026,4,1),1),TODAY()>=$J53),$G53,0),MAX(0,MIN(IF(TODAY()>$K53,$K53,TODAY()),EDATE(DATE(2026,4,1),1))-MAX($J53,DATE(2026,4,1)))*$G53/($K53-$J53))) -> 0 | P53: =IF(OR($J53="",$K53="",$G53=""),0,IF($K53<=$J53,IF(AND($J53>=DATE(2026,5,1),$J53<EDATE(DATE(2026,5,1),1),TODAY()>=$J53),$G53,0),MAX(0,MIN(IF(TODAY()>$K53,$K53,TODAY()),EDATE(DATE(2026,5,1),1))-MAX($J53,DATE(2026,5,1)))*$G53/($K53-$J53))) -> 978.80433 | Q53: =IF(OR($J53="",$K53="",$G53=""),0,IF($K53<=$J53,IF(AND($J53>=DATE(2026,6,1),$J53<EDATE(DATE(2026,5,1),1),TODAY()>=$J53),$G53,0),MAX(0,MIN(IF(TODAY()>$K53,$K53,TODAY()),EDATE(DATE(2026,6,1),1))-MAX($J53,DATE(2026,6,1)))*$G53/($K53-$J53))) -> 915.65567 | R53: =SUMIF(Tableau!$A:$A,$A53,Tableau!E:E) -> #N/A | S53: =SUMIF(Tableau!$A:$A,$A53,Tableau!F:F) -> #N/A | T53: =SUMIF(Tableau!$A:$A,$A53,Tableau!G:G) -> #N/A | U53: =SUMIF(Tableau!$A:$A,$A53,Tableau!H:H) -> #N/A | V53: =SUMIF(Tableau!$A:$A,$A53,Tableau!I:I) -> #N/A | W53: =SUMIF(Tableau!$A:$A,$A53,Tableau!J:J) -> #N/A | X53: =SUMIF(Tableau!$A:$A,$A53,Tableau!P:P) -> #N/A | Y53: =SUMIF(Tableau!$A:$A,$A53,Tableau!Q:Q) -> #N/A | Z53: =SUMIF(Tableau!$A:$A,$A53,Tableau!R:R) -> #N/A | AA53: =SUMIF(Tableau!$A:$A,$A53,Tableau!S:S) -> #N/A | AB53: =SUMIF(Tableau!$A:$A,$A53,Tableau!T:T) -> #N/A | AC53: =SUMIF(Tableau!$A:$A,$A53,Tableau!U:U) -> #N/A | AL53: =SUM(AF53:AK53) -> #N/A | AV53: =SUM(AP53:AU53) -> 3479.61 | BF53: =SUM(AZ53:BE53) -> #N/A | BH53: Valek | BI53: 0 | BJ53: 0 | BK53: 190.04152 | BL53: 0 | BM53: 0 | BN53: 0 | BO53: 300.06556
A54: =Data2026!A59 -> occc | B54: =Data2026!B59 -> 46142 | C54: =Data2026!C59 -> Fixed | D54: =Data2026!D59 -> occc | E54: =Data2026!E59 -> Giorgi_Ts | F54: =Data2026!F59 -> 46142 | G54: =Data2026!G59 -> 1894.46 | H54: =Data2026!H59 -> Finished | ... K54: =Data2026!K59 -> 46203 | L54: =IF(OR($J54="",$K54="",$G54=""),0,IF($K54<=$J54,IF(AND($J54>=DATE(2026,1,1),$J54<EDATE(DATE(2026,1,1),1),TODAY()>=$J54),$G54,0),MAX(0,MIN(IF(TODAY()>$K54,$K54,TODAY()),EDATE(DATE(2026,1,1),1))-MAX($J54,DATE(2026,1,1)))*$G54/($K54-$J54))) -> 0 | M54: =IF(OR($J54="",$K54="",$G54=""),0,IF($K54<=$J54,IF(AND($J54>=DATE(2026,2,1),$J54<EDATE(DATE(2026,2,1),1),TODAY()>=$J54),$G54,0),MAX(0,MIN(IF(TODAY()>$K54,$K54,TODAY()),EDATE(DATE(2026,2,1),1))-MAX($J54,DATE(2026,2,1)))*$G54/($K54-$J54))) -> 0 | N54: =IF(OR($J54="",$K54="",$G54=""),0,IF($K54<=$J54,IF(AND($J54>=DATE(2026,3,1),$J54<EDATE(DATE(2026,3,1),1),TODAY()>=$J54),$G54,0),MAX(0,MIN(IF(TODAY()>$K54,$K54,TODAY()),EDATE(DATE(2026,3,1),1))-MAX($J54,DATE(2026,3,1)))*$G54/($K54-$J54))) -> 0 | O54: =IF(OR($J54="",$K54="",$G54=""),0,IF($K54<=$J54,IF(AND($J54>=DATE(2026,4,1),$J54<EDATE(DATE(2026,4,1),1),TODAY()>=$J54),$G54,0),MAX(0,MIN(IF(TODAY()>$K54,$K54,TODAY()),EDATE(DATE(2026,4,1),1))-MAX($J54,DATE(2026,4,1)))*$G54/($K54-$J54))) -> 0 | P54: =IF(OR($J54="",$K54="",$G54=""),0,IF($K54<=$J54,IF(AND($J54>=DATE(2026,5,1),$J54<EDATE(DATE(2026,5,1),1),TODAY()>=$J54),$G54,0),MAX(0,MIN(IF(TODAY()>$K54,$K54,TODAY()),EDATE(DATE(2026,5,1),1))-MAX($J54,DATE(2026,5,1)))*$G54/($K54-$J54))) -> 978.80433 | Q54: =IF(OR($J54="",$K54="",$G54=""),0,IF($K54<=$J54,IF(AND($J54>=DATE(2026,6,1),$J54<EDATE(DATE(2026,5,1),1),TODAY()>=$J54),$G54,0),MAX(0,MIN(IF(TODAY()>$K54,$K54,TODAY()),EDATE(DATE(2026,6,1),1))-MAX($J54,DATE(2026,6,1)))*$G54/($K54-$J54))) -> 915.65567 | R54: =SUMIF(Tableau!$A:$A,$A54,Tableau!E:E) -> #N/A | S54: =SUMIF(Tableau!$A:$A,$A54,Tableau!F:F) -> #N/A | T54: =SUMIF(Tableau!$A:$A,$A54,Tableau!G:G) -> #N/A | U54: =SUMIF(Tableau!$A:$A,$A54,Tableau!H:H) -> #N/A | W54: =SUMIF(Tableau!$A:$A,$A54,Tableau!J:J) -> #N/A | X54: =SUMIF(Tableau!$A:$A,$A54,Tableau!P:P) -> #N/A | Y54: =SUMIF(Tableau!$A:$A,$A54,Tableau!Q:Q) -> #N/A | Z54: =SUMIF(Tableau!$A:$A,$A54,Tableau!R:R) -> #N/A | AB54: =SUMIF(Tableau!$A:$A,$A54,Tableau!T:T) -> #N/A | AC54: =SUMIF(Tableau!$A:$A,$A54,Tableau!U:U) -> #N/A | AL54: =SUM(AF54:AK54) -> 0 | AV54: =SUM(AP54:AU54) -> 3600 | BF54: =SUM(AZ54:BE54) -> #N/A | BH54: playslotpartners | BI54: 0 | BJ54: 0 | BK54: 0 | BL54: 0 | BM54: 35.362568 | BN54: 0 | BO54: 156.60566
A55: =Data2026!A60 -> occc | B55: =Data2026!B60 -> 46142 | C55: =Data2026!C60 -> Fixed | D55: =Data2026!D60 -> occc | E55: =Data2026!E60 -> Giorgi_Ts | F55: =Data2026!F60 -> 46142 | G55: =Data2026!G60 -> 1894.46 | H55: =Data2026!H60 -> Finished | ... K55: =Data2026!K60 -> 46203 | L55: =IF(OR($J55="",$K55="",$G55=""),0,IF($K55<=$J55,IF(AND($J55>=DATE(2026,1,1),$J55<EDATE(DATE(2026,1,1),1),TODAY()>=$J55),$G55,0),MAX(0,MIN(IF(TODAY()>$K55,$K55,TODAY()),EDATE(DATE(2026,1,1),1))-MAX($J55,DATE(2026,1,1)))*$G55/($K55-$J55))) -> 0 | M55: =IF(OR($J55="",$K55="",$G55=""),0,IF($K55<=$J55,IF(AND($J55>=DATE(2026,2,1),$J55<EDATE(DATE(2026,2,1),1),TODAY()>=$J55),$G55,0),MAX(0,MIN(IF(TODAY()>$K55,$K55,TODAY()),EDATE(DATE(2026,2,1),1))-MAX($J55,DATE(2026,2,1)))*$G55/($K55-$J55))) -> 0 | N55: =IF(OR($J55="",$K55="",$G55=""),0,IF($K55<=$J55,IF(AND($J55>=DATE(2026,3,1),$J55<EDATE(DATE(2026,3,1),1),TODAY()>=$J55),$G55,0),MAX(0,MIN(IF(TODAY()>$K55,$K55,TODAY()),EDATE(DATE(2026,3,1),1))-MAX($J55,DATE(2026,3,1)))*$G55/($K55-$J55))) -> 0 | O55: =IF(OR($J55="",$K55="",$G55=""),0,IF($K55<=$J55,IF(AND($J55>=DATE(2026,4,1),$J55<EDATE(DATE(2026,4,1),1),TODAY()>=$J55),$G55,0),MAX(0,MIN(IF(TODAY()>$K55,$K55,TODAY()),EDATE(DATE(2026,4,1),1))-MAX($J55,DATE(2026,4,1)))*$G55/($K55-$J55))) -> 0 | P55: =IF(OR($J55="",$K55="",$G55=""),0,IF($K55<=$J55,IF(AND($J55>=DATE(2026,5,1),$J55<EDATE(DATE(2026,5,1),1),TODAY()>=$J55),$G55,0),MAX(0,MIN(IF(TODAY()>$K55,$K55,TODAY()),EDATE(DATE(2026,5,1),1))-MAX($J55,DATE(2026,5,1)))*$G55/($K55-$J55))) -> 978.80433 | Q55: =IF(OR($J55="",$K55="",$G55=""),0,IF($K55<=$J55,IF(AND($J55>=DATE(2026,6,1),$J55<EDATE(DATE(2026,5,1),1),TODAY()>=$J55),$G55,0),MAX(0,MIN(IF(TODAY()>$K55,$K55,TODAY()),EDATE(DATE(2026,6,1),1))-MAX($J55,DATE(2026,6,1)))*$G55/($K55-$J55))) -> 915.65567 | R55: =SUMIF(Tableau!$A:$A,$A55,Tableau!E:E) -> #N/A | S55: =SUMIF(Tableau!$A:$A,$A55,Tableau!F:F) -> #N/A | T55: =SUMIF(Tableau!$A:$A,$A55,Tableau!G:G) -> #N/A | U55: =SUMIF(Tableau!$A:$A,$A55,Tableau!H:H) -> #N/A | W55: =SUMIF(Tableau!$A:$A,$A55,Tableau!J:J) -> #N/A | X55: =SUMIF(Tableau!$A:$A,$A55,Tableau!P:P) -> #N/A | Y55: =SUMIF(Tableau!$A:$A,$A55,Tableau!Q:Q) -> #N/A | Z55: =SUMIF(Tableau!$A:$A,$A55,Tableau!R:R) -> #N/A | AB55: =SUMIF(Tableau!$A:$A,$A55,Tableau!T:T) -> #N/A | AC55: =SUMIF(Tableau!$A:$A,$A55,Tableau!U:U) -> #N/A | AL55: =SUM(AF55:AK55) -> 0 | AV55: =SUM(AP55:AU55) -> 2700.59 | BF55: =SUM(AZ55:BE55) -> #N/A | BH55: worldyt | BI55: 0 | BJ55: 0 | BK55: 0 | BL55: 0 | BM55: 97.560976 | BN55: 0 | BO55: 97.560976
A56: =Data2026!A61 -> occc | B56: =Data2026!B61 -> 46142 | C56: =Data2026!C61 -> Fixed | D56: =Data2026!D61 -> occc | E56: =Data2026!E61 -> Giorgi_Ts | F56: =Data2026!F61 -> 46142 | G56: =Data2026!G61 -> 1894.46 | H56: =Data2026!H61 -> Finished | ... K56: =Data2026!K61 -> 46203 | L56: =IF(OR($J56="",$K56="",$G56=""),0,IF($K56<=$J56,IF(AND($J56>=DATE(2026,1,1),$J56<EDATE(DATE(2026,1,1),1),TODAY()>=$J56),$G56,0),MAX(0,MIN(IF(TODAY()>$K56,$K56,TODAY()),EDATE(DATE(2026,1,1),1))-MAX($J56,DATE(2026,1,1)))*$G56/($K56-$J56))) -> 0 | M56: =IF(OR($J56="",$K56="",$G56=""),0,IF($K56<=$J56,IF(AND($J56>=DATE(2026,2,1),$J56<EDATE(DATE(2026,2,1),1),TODAY()>=$J56),$G56,0),MAX(0,MIN(IF(TODAY()>$K56,$K56,TODAY()),EDATE(DATE(2026,2,1),1))-MAX($J56,DATE(2026,2,1)))*$G56/($K56-$J56))) -> 0 | N56: =IF(OR($J56="",$K56="",$G56=""),0,IF($K56<=$J56,IF(AND($J56>=DATE(2026,3,1),$J56<EDATE(DATE(2026,3,1),1),TODAY()>=$J56),$G56,0),MAX(0,MIN(IF(TODAY()>$K56,$K56,TODAY()),EDATE(DATE(2026,3,1),1))-MAX($J56,DATE(2026,3,1)))*$G56/($K56-$J56))) -> 0 | O56: =IF(OR($J56="",$K56="",$G56=""),0,IF($K56<=$J56,IF(AND($J56>=DATE(2026,4,1),$J56<EDATE(DATE(2026,4,1),1),TODAY()>=$J56),$G56,0),MAX(0,MIN(IF(TODAY()>$K56,$K56,TODAY()),EDATE(DATE(2026,4,1),1))-MAX($J56,DATE(2026,4,1)))*$G56/($K56-$J56))) -> 0 | P56: =IF(OR($J56="",$K56="",$G56=""),0,IF($K56<=$J56,IF(AND($J56>=DATE(2026,5,1),$J56<EDATE(DATE(2026,5,1),1),TODAY()>=$J56),$G56,0),MAX(0,MIN(IF(TODAY()>$K56,$K56,TODAY()),EDATE(DATE(2026,5,1),1))-MAX($J56,DATE(2026,5,1)))*$G56/($K56-$J56))) -> 978.80433 | Q56: =IF(OR($J56="",$K56="",$G56=""),0,IF($K56<=$J56,IF(AND($J56>=DATE(2026,6,1),$J56<EDATE(DATE(2026,5,1),1),TODAY()>=$J56),$G56,0),MAX(0,MIN(IF(TODAY()>$K56,$K56,TODAY()),EDATE(DATE(2026,6,1),1))-MAX($J56,DATE(2026,6,1)))*$G56/($K56-$J56))) -> 915.65567 | R56: =SUMIF(Tableau!$A:$A,$A56,Tableau!E:E) -> #N/A | S56: =SUMIF(Tableau!$A:$A,$A56,Tableau!F:F) -> #N/A | T56: =SUMIF(Tableau!$A:$A,$A56,Tableau!G:G) -> #N/A | U56: =SUMIF(Tableau!$A:$A,$A56,Tableau!H:H) -> #N/A | W56: =SUMIF(Tableau!$A:$A,$A56,Tableau!J:J) -> #N/A | X56: =SUMIF(Tableau!$A:$A,$A56,Tableau!P:P) -> #N/A | Y56: =SUMIF(Tableau!$A:$A,$A56,Tableau!Q:Q) -> #N/A | Z56: =SUMIF(Tableau!$A:$A,$A56,Tableau!R:R) -> #N/A | AB56: =SUMIF(Tableau!$A:$A,$A56,Tableau!T:T) -> #N/A | AC56: =SUMIF(Tableau!$A:$A,$A56,Tableau!U:U) -> #N/A | AE56: Row Labels | AF56: Jan CPA | AG56: Feb CPA | AH56: Mar CPA | AI56: Apr CPA | AJ56: May CPA | AK56: June CPA | AL56: Total | AV56: =SUM(AP56:AU56) -> 372.34 | BF56: =SUM(AZ56:BE56) -> #N/A | BH56: Rayconeta | BI56: 0 | BJ56: 0 | BK56: 0 | BL56: 52.781818 | BM56: 0 | BN56: 0 | BO56: 52.781818
A57: =Data2026!A62 -> clickid | B57: =Data2026!B62 -> 46142 | C57: =Data2026!C62 -> Fixed | D57: =Data2026!D62 -> clickid | E57: =Data2026!E62 -> Elene_Gh | F57: =Data2026!F62 -> 46142 | G57: =Data2026!G62 -> 885 | H57: =Data2026!H62 -> Finished | ... K57: =Data2026!K62 -> 46138 | L57: =IF(OR($J57="",$K57="",$G57=""),0,IF($K57<=$J57,IF(AND($J57>=DATE(2026,1,1),$J57<EDATE(DATE(2026,1,1),1),TODAY()>=$J57),$G57,0),MAX(0,MIN(IF(TODAY()>$K57,$K57,TODAY()),EDATE(DATE(2026,1,1),1))-MAX($J57,DATE(2026,1,1)))*$G57/($K57-$J57))) -> 0 | M57: =IF(OR($J57="",$K57="",$G57=""),0,IF($K57<=$J57,IF(AND($J57>=DATE(2026,2,1),$J57<EDATE(DATE(2026,2,1),1),TODAY()>=$J57),$G57,0),MAX(0,MIN(IF(TODAY()>$K57,$K57,TODAY()),EDATE(DATE(2026,2,1),1))-MAX($J57,DATE(2026,2,1)))*$G57/($K57-$J57))) -> 0 | N57: =IF(OR($J57="",$K57="",$G57=""),0,IF($K57<=$J57,IF(AND($J57>=DATE(2026,3,1),$J57<EDATE(DATE(2026,3,1),1),TODAY()>=$J57),$G57,0),MAX(0,MIN(IF(TODAY()>$K57,$K57,TODAY()),EDATE(DATE(2026,3,1),1))-MAX($J57,DATE(2026,3,1)))*$G57/($K57-$J57))) -> 171.29032 | O57: =IF(OR($J57="",$K57="",$G57=""),0,IF($K57<=$J57,IF(AND($J57>=DATE(2026,4,1),$J57<EDATE(DATE(2026,4,1),1),TODAY()>=$J57),$G57,0),MAX(0,MIN(IF(TODAY()>$K57,$K57,TODAY()),EDATE(DATE(2026,4,1),1))-MAX($J57,DATE(2026,4,1)))*$G57/($K57-$J57))) -> 713.70968 | P57: =IF(OR($J57="",$K57="",$G57=""),0,IF($K57<=$J57,IF(AND($J57>=DATE(2026,5,1),$J57<EDATE(DATE(2026,5,1),1),TODAY()>=$J57),$G57,0),MAX(0,MIN(IF(TODAY()>$K57,$K57,TODAY()),EDATE(DATE(2026,5,1),1))-MAX($J57,DATE(2026,5,1)))*$G57/($K57-$J57))) -> 0 | Q57: =IF(OR($J57="",$K57="",$G57=""),0,IF($K57<=$J57,IF(AND($J57>=DATE(2026,6,1),$J57<EDATE(DATE(2026,5,1),1),TODAY()>=$J57),$G57,0),MAX(0,MIN(IF(TODAY()>$K57,$K57,TODAY()),EDATE(DATE(2026,6,1),1))-MAX($J57,DATE(2026,6,1)))*$G57/($K57-$J57))) -> 0 | R57: =SUMIF(Tableau!$A:$A,$A57,Tableau!E:E) -> #N/A | S57: =SUMIF(Tableau!$A:$A,$A57,Tableau!F:F) -> #N/A | T57: =SUMIF(Tableau!$A:$A,$A57,Tableau!G:G) -> #N/A | U57: =SUMIF(Tableau!$A:$A,$A57,Tableau!H:H) -> #N/A | V57: =SUMIF(Tableau!$A:$A,$A57,Tableau!I:I) -> #N/A | W57: =SUMIF(Tableau!$A:$A,$A57,Tableau!J:J) -> #N/A | X57: =SUMIF(Tableau!$A:$A,$A57,Tableau!P:P) -> #N/A | Y57: =SUMIF(Tableau!$A:$A,$A57,Tableau!Q:Q) -> #N/A | Z57: =SUMIF(Tableau!$A:$A,$A57,Tableau!R:R) -> #N/A | AA57: =SUMIF(Tableau!$A:$A,$A57,Tableau!S:S) -> #N/A | AB57: =SUMIF(Tableau!$A:$A,$A57,Tableau!T:T) -> #N/A | AC57: =SUMIF(Tableau!$A:$A,$A57,Tableau!U:U) -> #N/A | AE57: Ani_S | AF57: =IFERROR(AF40/AF49,0) -> 0 | AG57: =IFERROR(AG40/AG49,0) -> 0 | AH57: =IFERROR(AH40/AH49,0) -> 0 | AI57: =IFERROR(AI40/AI49,0) -> 0 | AJ57: =IFERROR(AJ40/AJ49,0) -> 0 | AK57: =IFERROR(AK40/AK49,0) -> 0 | AL57: =IFERROR(AL40/AL49,0) -> 0 | AV57: =SUM(AP57:AU57) -> 4000 | BF57: =SUM(AZ57:BE57) -> #N/A | BH57: Zukwaan | BI57: 0 | BJ57: 0 | BK57: 0 | BL57: 38.21 | BM57: 0 | BN57: 0 | BO57: 38.21
A58: =Data2026!A63 -> clickid | B58: =Data2026!B63 -> 46142 | C58: =Data2026!C63 -> Fixed | D58: =Data2026!D63 -> clickid | E58: =Data2026!E63 -> Elene_Gh | F58: =Data2026!F63 -> 46142 | G58: =Data2026!G63 -> 885 | H58: =Data2026!H63 -> Finished | ... K58: =Data2026!K63 -> 46138 | L58: =IF(OR($J58="",$K58="",$G58=""),0,IF($K58<=$J58,IF(AND($J58>=DATE(2026,1,1),$J58<EDATE(DATE(2026,1,1),1),TODAY()>=$J58),$G58,0),MAX(0,MIN(IF(TODAY()>$K58,$K58,TODAY()),EDATE(DATE(2026,1,1),1))-MAX($J58,DATE(2026,1,1)))*$G58/($K58-$J58))) -> 0 | M58: =IF(OR($J58="",$K58="",$G58=""),0,IF($K58<=$J58,IF(AND($J58>=DATE(2026,2,1),$J58<EDATE(DATE(2026,2,1),1),TODAY()>=$J58),$G58,0),MAX(0,MIN(IF(TODAY()>$K58,$K58,TODAY()),EDATE(DATE(2026,2,1),1))-MAX($J58,DATE(2026,2,1)))*$G58/($K58-$J58))) -> 0 | N58: =IF(OR($J58="",$K58="",$G58=""),0,IF($K58<=$J58,IF(AND($J58>=DATE(2026,3,1),$J58<EDATE(DATE(2026,3,1),1),TODAY()>=$J58),$G58,0),MAX(0,MIN(IF(TODAY()>$K58,$K58,TODAY()),EDATE(DATE(2026,3,1),1))-MAX($J58,DATE(2026,3,1)))*$G58/($K58-$J58))) -> 171.29032 | O58: =IF(OR($J58="",$K58="",$G58=""),0,IF($K58<=$J58,IF(AND($J58>=DATE(2026,4,1),$J58<EDATE(DATE(2026,4,1),1),TODAY()>=$J58),$G58,0),MAX(0,MIN(IF(TODAY()>$K58,$K58,TODAY()),EDATE(DATE(2026,4,1),1))-MAX($J58,DATE(2026,4,1)))*$G58/($K58-$J58))) -> 713.70968 | P58: =IF(OR($J58="",$K58="",$G58=""),0,IF($K58<=$J58,IF(AND($J58>=DATE(2026,5,1),$J58<EDATE(DATE(2026,5,1),1),TODAY()>=$J58),$G58,0),MAX(0,MIN(IF(TODAY()>$K58,$K58,TODAY()),EDATE(DATE(2026,5,1),1))-MAX($J58,DATE(2026,5,1)))*$G58/($K58-$J58))) -> 0 | Q58: =IF(OR($J58="",$K58="",$G58=""),0,IF($K58<=$J58,IF(AND($J58>=DATE(2026,6,1),$J58<EDATE(DATE(2026,5,1),1),TODAY()>=$J58),$G58,0),MAX(0,MIN(IF(TODAY()>$K58,$K58,TODAY()),EDATE(DATE(2026,6,1),1))-MAX($J58,DATE(2026,6,1)))*$G58/($K58-$J58))) -> 0 | R58: =SUMIF(Tableau!$A:$A,$A58,Tableau!E:E) -> #N/A | S58: =SUMIF(Tableau!$A:$A,$A58,Tableau!F:F) -> #N/A | T58: =SUMIF(Tableau!$A:$A,$A58,Tableau!G:G) -> #N/A | U58: =SUMIF(Tableau!$A:$A,$A58,Tableau!H:H) -> #N/A | V58: =SUMIF(Tableau!$A:$A,$A58,Tableau!I:I) -> #N/A | W58: =SUMIF(Tableau!$A:$A,$A58,Tableau!J:J) -> #N/A | AE58: Elene_Gh | AF58: =IFERROR(AF41/AF50,0) -> 0 | AG58: =IFERROR(AG41/AG50,0) -> 0 | AH58: =IFERROR(AH41/AH50,0) -> 0 | AI58: =IFERROR(AI41/AI50,0) -> 0 | AJ58: =IFERROR(AJ41/AJ50,0) -> 0 | AK58: =IFERROR(AK41/AK50,0) -> 0 | AL58: =IFERROR(AL41/AL50,0) -> 0 | AV58: =SUM(AP58:AU58) -> 7687.5 | BF58: =SUM(AZ58:BE58) -> #N/A | BH58: reborced | BI58: 0 | BJ58: 0 | BK58: 0 | BL58: 226.86333 | BM58: 0 | BN58: 0 | BO58: 226.86333
A59: =Data2026!A64 -> maryturbotraffic | B59: =Data2026!B64 -> 46142 | C59: =Data2026!C64 -> CPA | D59: =Data2026!D64 -> maryturbotraffic | E59: =Data2026!E64 -> Nini_B | F59: =Data2026!F64 -> 46142 | G59: =Data2026!G64 -> 1500 | H59: =Data2026!H64 -> Finished | ... K59: =Data2026!K64 -> 46156 | L59: =IF(OR($J59="",$K59="",$G59=""),0,IF($K59<=$J59,IF(AND($J59>=DATE(2026,1,1),$J59<EDATE(DATE(2026,1,1),1),TODAY()>=$J59),$G59,0),MAX(0,MIN(IF(TODAY()>$K59,$K59,TODAY()),EDATE(DATE(2026,1,1),1))-MAX($J59,DATE(2026,1,1)))*$G59/($K59-$J59))) -> 0 | M59: =IF(OR($J59="",$K59="",$G59=""),0,IF($K59<=$J59,IF(AND($J59>=DATE(2026,2,1),$J59<EDATE(DATE(2026,2,1),1),TODAY()>=$J59),$G59,0),MAX(0,MIN(IF(TODAY()>$K59,$K59,TODAY()),EDATE(DATE(2026,2,1),1))-MAX($J59,DATE(2026,2,1)))*$G59/($K59-$J59))) -> 0 | N59: =IF(OR($J59="",$K59="",$G59=""),0,IF($K59<=$J59,IF(AND($J59>=DATE(2026,3,1),$J59<EDATE(DATE(2026,3,1),1),TODAY()>=$J59),$G59,0),MAX(0,MIN(IF(TODAY()>$K59,$K59,TODAY()),EDATE(DATE(2026,3,1),1))-MAX($J59,DATE(2026,3,1)))*$G59/($K59-$J59))) -> 0 | O59: =IF(OR($J59="",$K59="",$G59=""),0,IF($K59<=$J59,IF(AND($J59>=DATE(2026,4,1),$J59<EDATE(DATE(2026,4,1),1),TODAY()>=$J59),$G59,0),MAX(0,MIN(IF(TODAY()>$K59,$K59,TODAY()),EDATE(DATE(2026,4,1),1))-MAX($J59,DATE(2026,4,1)))*$G59/($K59-$J59))) -> 942.85714 | P59: =IF(OR($J59="",$K59="",$G59=""),0,IF($K59<=$J59,IF(AND($J59>=DATE(2026,5,1),$J59<EDATE(DATE(2026,5,1),1),TODAY()>=$J59),$G59,0),MAX(0,MIN(IF(TODAY()>$K59,$K59,TODAY()),EDATE(DATE(2026,5,1),1))-MAX($J59,DATE(2026,5,1)))*$G59/($K59-$J59))) -> 557.14286 | Q59: =IF(OR($J59="",$K59="",$G59=""),0,IF($K59<=$J59,IF(AND($J59>=DATE(2026,6,1),$J59<EDATE(DATE(2026,5,1),1),TODAY()>=$J59),$G59,0),MAX(0,MIN(IF(TODAY()>$K59,$K59,TODAY()),EDATE(DATE(2026,6,1),1))-MAX($J59,DATE(2026,6,1)))*$G59/($K59-$J59))) -> 0 | R59: =SUMIF(Tableau!$A:$A,$A59,Tableau!E:E) -> #N/A | S59: =SUMIF(Tableau!$A:$A,$A59,Tableau!F:F) -> #N/A | T59: =SUMIF(Tableau!$A:$A,$A59,Tableau!G:G) -> #N/A | U59: =SUMIF(Tableau!$A:$A,$A59,Tableau!H:H) -> #N/A | V59: =SUMIF(Tableau!$A:$A,$A59,Tableau!I:I) -> #N/A | W59: =SUMIF(Tableau!$A:$A,$A59,Tableau!J:J) -> #N/A | X59: =SUMIF(Tableau!$A:$A,$A59,Tableau!P:P) -> #N/A | Y59: =SUMIF(Tableau!$A:$A,$A59,Tableau!Q:Q) -> #N/A | Z59: =SUMIF(Tableau!$A:$A,$A59,Tableau!R:R) -> #N/A | AA59: =SUMIF(Tableau!$A:$A,$A59,Tableau!S:S) -> #N/A | AB59: =SUMIF(Tableau!$A:$A,$A59,Tableau!T:T) -> #N/A | AC59: =SUMIF(Tableau!$A:$A,$A59,Tableau!U:U) -> #N/A | AE59: Giorgi_Ts | AF59: =IFERROR(AF42/AF51,0) -> 0 | AG59: =IFERROR(AG42/AG51,0) -> 0 | AH59: =IFERROR(AH42/AH51,0) -> 0 | AI59: =IFERROR(AI42/AI51,0) -> 0 | AJ59: =IFERROR(AJ42/AJ51,0) -> 0 | AK59: =IFERROR(AK42/AK51,0) -> 0 | AL59: =IFERROR(AL42/AL51,0) -> 0 | BF59: =SUM(AZ59:BE59) -> #N/A | BH59: Ricardoc24 | BI59: 0 | BJ59: 0 | BK59: 639.56322 | BL59: 0 | BM59: 0 | BN59: 0 | BO59: 1009.8367
A60: =Data2026!A65 -> SharkLink | B60: =Data2026!B65 -> 46142 | C60: =Data2026!C65 -> CPA | D60: =Data2026!D65 -> SharkLink | E60: =Data2026!E65 -> Nini_B | F60: =Data2026!F65 -> 46142 | G60: =Data2026!G65 -> 950 | H60: =Data2026!H65 -> Finished | ... K60: =Data2026!K65 -> 46129 | L60: =IF(OR($J60="",$K60="",$G60=""),0,IF($K60<=$J60,IF(AND($J60>=DATE(2026,1,1),$J60<EDATE(DATE(2026,1,1),1),TODAY()>=$J60),$G60,0),MAX(0,MIN(IF(TODAY()>$K60,$K60,TODAY()),EDATE(DATE(2026,1,1),1))-MAX($J60,DATE(2026,1,1)))*$G60/($K60-$J60))) -> 0 | M60: =IF(OR($J60="",$K60="",$G60=""),0,IF($K60<=$J60,IF(AND($J60>=DATE(2026,2,1),$J60<EDATE(DATE(2026,2,1),1),TODAY()>=$J60),$G60,0),MAX(0,MIN(IF(TODAY()>$K60,$K60,TODAY()),EDATE(DATE(2026,2,1),1))-MAX($J60,DATE(2026,2,1)))*$G60/($K60-$J60))) -> 0 | N60: =IF(OR($J60="",$K60="",$G60=""),0,IF($K60<=$J60,IF(AND($J60>=DATE(2026,3,1),$J60<EDATE(DATE(2026,3,1),1),TODAY()>=$J60),$G60,0),MAX(0,MIN(IF(TODAY()>$K60,$K60,TODAY()),EDATE(DATE(2026,3,1),1))-MAX($J60,DATE(2026,3,1)))*$G60/($K60-$J60))) -> 475 | O60: =IF(OR($J60="",$K60="",$G60=""),0,IF($K60<=$J60,IF(AND($J60>=DATE(2026,4,1),$J60<EDATE(DATE(2026,4,1),1),TODAY()>=$J60),$G60,0),MAX(0,MIN(IF(TODAY()>$K60,$K60,TODAY()),EDATE(DATE(2026,4,1),1))-MAX($J60,DATE(2026,4,1)))*$G60/($K60-$J60))) -> 475 | P60: =IF(OR($J60="",$K60="",$G60=""),0,IF($K60<=$J60,IF(AND($J60>=DATE(2026,5,1),$J60<EDATE(DATE(2026,5,1),1),TODAY()>=$J60),$G60,0),MAX(0,MIN(IF(TODAY()>$K60,$K60,TODAY()),EDATE(DATE(2026,5,1),1))-MAX($J60,DATE(2026,5,1)))*$G60/($K60-$J60))) -> 0 | Q60: =IF(OR($J60="",$K60="",$G60=""),0,IF($K60<=$J60,IF(AND($J60>=DATE(2026,6,1),$J60<EDATE(DATE(2026,5,1),1),TODAY()>=$J60),$G60,0),MAX(0,MIN(IF(TODAY()>$K60,$K60,TODAY()),EDATE(DATE(2026,6,1),1))-MAX($J60,DATE(2026,6,1)))*$G60/($K60-$J60))) -> 0 | R60: =SUMIF(Tableau!$A:$A,$A60,Tableau!E:E) -> #N/A | S60: =SUMIF(Tableau!$A:$A,$A60,Tableau!F:F) -> #N/A | U60: =SUMIF(Tableau!$A:$A,$A60,Tableau!H:H) -> #N/A | V60: =SUMIF(Tableau!$A:$A,$A60,Tableau!I:I) -> #N/A | W60: =SUMIF(Tableau!$A:$A,$A60,Tableau!J:J) -> #N/A | X60: =SUMIF(Tableau!$A:$A,$A60,Tableau!P:P) -> #N/A | Y60: =SUMIF(Tableau!$A:$A,$A60,Tableau!Q:Q) -> #N/A | Z60: =SUMIF(Tableau!$A:$A,$A60,Tableau!R:R) -> #N/A | AA60: =SUMIF(Tableau!$A:$A,$A60,Tableau!S:S) -> #N/A | AB60: =SUMIF(Tableau!$A:$A,$A60,Tableau!T:T) -> #N/A | AC60: =SUMIF(Tableau!$A:$A,$A60,Tableau!U:U) -> #N/A | AE60: Nini_B | AF60: =IFERROR(AF43/AF52,0) -> 0 | AG60: =IFERROR(AG43/AG52,0) -> 0 | AH60: =IFERROR(AH43/AH52,0) -> 0 | AI60: =IFERROR(AI43/AI52,0) -> 0 | AJ60: =IFERROR(AJ43/AJ52,0) -> 0 | AK60: =IFERROR(AK43/AK52,0) -> 0 | AL60: =IFERROR(AL43/AL52,0) -> 0 | BF60: =SUM(AZ60:BE60) -> #N/A | BH60: Grand Total | BI60: 0 | BJ60: 0 | BK60: 144.52839 | BL60: 103.31681 | BM60: 88.518258 | BN60: 58.117145 | BO60: 89.537633
A61: =Data2026!A66 -> SharkLink | B61: =Data2026!B66 -> 46142 | C61: =Data2026!C66 -> CPA | D61: =Data2026!D66 -> SharkLink | E61: =Data2026!E66 -> Nini_B | F61: =Data2026!F66 -> 46142 | G61: =Data2026!G66 -> 950 | H61: =Data2026!H66 -> Finished | ... K61: =Data2026!K66 -> 46129 | L61: =IF(OR($J61="",$K61="",$G61=""),0,IF($K61<=$J61,IF(AND($J61>=DATE(2026,1,1),$J61<EDATE(DATE(2026,1,1),1),TODAY()>=$J61),$G61,0),MAX(0,MIN(IF(TODAY()>$K61,$K61,TODAY()),EDATE(DATE(2026,1,1),1))-MAX($J61,DATE(2026,1,1)))*$G61/($K61-$J61))) -> 0 | M61: =IF(OR($J61="",$K61="",$G61=""),0,IF($K61<=$J61,IF(AND($J61>=DATE(2026,2,1),$J61<EDATE(DATE(2026,2,1),1),TODAY()>=$J61),$G61,0),MAX(0,MIN(IF(TODAY()>$K61,$K61,TODAY()),EDATE(DATE(2026,2,1),1))-MAX($J61,DATE(2026,2,1)))*$G61/($K61-$J61))) -> 0 | N61: =IF(OR($J61="",$K61="",$G61=""),0,IF($K61<=$J61,IF(AND($J61>=DATE(2026,3,1),$J61<EDATE(DATE(2026,3,1),1),TODAY()>=$J61),$G61,0),MAX(0,MIN(IF(TODAY()>$K61,$K61,TODAY()),EDATE(DATE(2026,3,1),1))-MAX($J61,DATE(2026,3,1)))*$G61/($K61-$J61))) -> 475 | O61: =IF(OR($J61="",$K61="",$G61=""),0,IF($K61<=$J61,IF(AND($J61>=DATE(2026,4,1),$J61<EDATE(DATE(2026,4,1),1),TODAY()>=$J61),$G61,0),MAX(0,MIN(IF(TODAY()>$K61,$K61,TODAY()),EDATE(DATE(2026,4,1),1))-MAX($J61,DATE(2026,4,1)))*$G61/($K61-$J61))) -> 475 | P61: =IF(OR($J61="",$K61="",$G61=""),0,IF($K61<=$J61,IF(AND($J61>=DATE(2026,5,1),$J61<EDATE(DATE(2026,5,1),1),TODAY()>=$J61),$G61,0),MAX(0,MIN(IF(TODAY()>$K61,$K61,TODAY()),EDATE(DATE(2026,5,1),1))-MAX($J61,DATE(2026,5,1)))*$G61/($K61-$J61))) -> 0 | Q61: =IF(OR($J61="",$K61="",$G61=""),0,IF($K61<=$J61,IF(AND($J61>=DATE(2026,6,1),$J61<EDATE(DATE(2026,5,1),1),TODAY()>=$J61),$G61,0),MAX(0,MIN(IF(TODAY()>$K61,$K61,TODAY()),EDATE(DATE(2026,6,1),1))-MAX($J61,DATE(2026,6,1)))*$G61/($K61-$J61))) -> 0 | R61: =SUMIF(Tableau!$A:$A,$A61,Tableau!E:E) -> #N/A | S61: =SUMIF(Tableau!$A:$A,$A61,Tableau!F:F) -> #N/A | W61: =SUMIF(Tableau!$A:$A,$A61,Tableau!J:J) -> #N/A | X61: =SUMIF(Tableau!$A:$A,$A61,Tableau!P:P) -> #N/A | Y61: =SUMIF(Tableau!$A:$A,$A61,Tableau!Q:Q) -> #N/A | AE61: Ramaz_G | AF61: =IFERROR(AF44/AF53,0) -> 0 | AG61: =IFERROR(AG44/AG53,0) -> 0 | AH61: =IFERROR(AH44/AH53,0) -> 0 | AI61: =IFERROR(AI44/AI53,0) -> 0 | AJ61: =IFERROR(AJ44/AJ53,0) -> 0 | AK61: =IFERROR(AK44/AK53,0) -> 0 | AL61: =IFERROR(AL44/AL53,0) -> 0
A62: =Data2026!A67 -> SharkLink | B62: =Data2026!B67 -> 46142 | C62: =Data2026!C67 -> CPA | D62: =Data2026!D67 -> SharkLink | E62: =Data2026!E67 -> Nini_B | F62: =Data2026!F67 -> 46142 | G62: =Data2026!G67 -> 950 | H62: =Data2026!H67 -> Finished | ... K62: =Data2026!K67 -> 46129 | L62: =IF(OR($J62="",$K62="",$G62=""),0,IF($K62<=$J62,IF(AND($J62>=DATE(2026,1,1),$J62<EDATE(DATE(2026,1,1),1),TODAY()>=$J62),$G62,0),MAX(0,MIN(IF(TODAY()>$K62,$K62,TODAY()),EDATE(DATE(2026,1,1),1))-MAX($J62,DATE(2026,1,1)))*$G62/($K62-$J62))) -> 0 | M62: =IF(OR($J62="",$K62="",$G62=""),0,IF($K62<=$J62,IF(AND($J62>=DATE(2026,2,1),$J62<EDATE(DATE(2026,2,1),1),TODAY()>=$J62),$G62,0),MAX(0,MIN(IF(TODAY()>$K62,$K62,TODAY()),EDATE(DATE(2026,2,1),1))-MAX($J62,DATE(2026,2,1)))*$G62/($K62-$J62))) -> 0 | N62: =IF(OR($J62="",$K62="",$G62=""),0,IF($K62<=$J62,IF(AND($J62>=DATE(2026,3,1),$J62<EDATE(DATE(2026,3,1),1),TODAY()>=$J62),$G62,0),MAX(0,MIN(IF(TODAY()>$K62,$K62,TODAY()),EDATE(DATE(2026,3,1),1))-MAX($J62,DATE(2026,3,1)))*$G62/($K62-$J62))) -> 475 | O62: =IF(OR($J62="",$K62="",$G62=""),0,IF($K62<=$J62,IF(AND($J62>=DATE(2026,4,1),$J62<EDATE(DATE(2026,4,1),1),TODAY()>=$J62),$G62,0),MAX(0,MIN(IF(TODAY()>$K62,$K62,TODAY()),EDATE(DATE(2026,4,1),1))-MAX($J62,DATE(2026,4,1)))*$G62/($K62-$J62))) -> 475 | P62: =IF(OR($J62="",$K62="",$G62=""),0,IF($K62<=$J62,IF(AND($J62>=DATE(2026,5,1),$J62<EDATE(DATE(2026,5,1),1),TODAY()>=$J62),$G62,0),MAX(0,MIN(IF(TODAY()>$K62,$K62,TODAY()),EDATE(DATE(2026,5,1),1))-MAX($J62,DATE(2026,5,1)))*$G62/($K62-$J62))) -> 0 | Q62: =IF(OR($J62="",$K62="",$G62=""),0,IF($K62<=$J62,IF(AND($J62>=DATE(2026,6,1),$J62<EDATE(DATE(2026,5,1),1),TODAY()>=$J62),$G62,0),MAX(0,MIN(IF(TODAY()>$K62,$K62,TODAY()),EDATE(DATE(2026,6,1),1))-MAX($J62,DATE(2026,6,1)))*$G62/($K62-$J62))) -> 0 | R62: =SUMIF(Tableau!$A:$A,$A62,Tableau!E:E) -> #N/A | S62: =SUMIF(Tableau!$A:$A,$A62,Tableau!F:F) -> #N/A | W62: =SUMIF(Tableau!$A:$A,$A62,Tableau!J:J) -> #N/A | X62: =SUMIF(Tableau!$A:$A,$A62,Tableau!P:P) -> #N/A | Y62: =SUMIF(Tableau!$A:$A,$A62,Tableau!Q:Q) -> #N/A | AE62: Grand Total | AF62: =IFERROR(AF45/AF54,0) -> 0 | AG62: =IFERROR(AG45/AG54,0) -> 0 | AH62: =IFERROR(AH45/AH54,0) -> 0 | AI62: =IFERROR(AI45/AI54,0) -> 0 | AJ62: =IFERROR(AJ45/AJ54,0) -> 0 | AK62: =IFERROR(AK45/AK54,0) -> 0 | AL62: =IFERROR(AL45/AL54,0) -> 0
A63: =Data2026!A68 -> VALECHOBERK | B63: =Data2026!B68 -> 46142 | C63: =Data2026!C68 -> Fixed | D63: =Data2026!D68 -> VALECHOBERK | E63: =Data2026!E68 -> Nini_B | F63: =Data2026!F68 -> 46142 | G63: =Data2026!G68 -> 2700 | H63: =Data2026!H68 -> Finished | ... K63: =Data2026!K68 -> 46145 | L63: =IF(OR($J63="",$K63="",$G63=""),0,IF($K63<=$J63,IF(AND($J63>=DATE(2026,1,1),$J63<EDATE(DATE(2026,1,1),1),TODAY()>=$J63),$G63,0),MAX(0,MIN(IF(TODAY()>$K63,$K63,TODAY()),EDATE(DATE(2026,1,1),1))-MAX($J63,DATE(2026,1,1)))*$G63/($K63-$J63))) -> 0 | M63: =IF(OR($J63="",$K63="",$G63=""),0,IF($K63<=$J63,IF(AND($J63>=DATE(2026,2,1),$J63<EDATE(DATE(2026,2,1),1),TODAY()>=$J63),$G63,0),MAX(0,MIN(IF(TODAY()>$K63,$K63,TODAY()),EDATE(DATE(2026,2,1),1))-MAX($J63,DATE(2026,2,1)))*$G63/($K63-$J63))) -> 0 | N63: =IF(OR($J63="",$K63="",$G63=""),0,IF($K63<=$J63,IF(AND($J63>=DATE(2026,3,1),$J63<EDATE(DATE(2026,3,1),1),TODAY()>=$J63),$G63,0),MAX(0,MIN(IF(TODAY()>$K63,$K63,TODAY()),EDATE(DATE(2026,3,1),1))-MAX($J63,DATE(2026,3,1)))*$G63/($K63-$J63))) -> 0 | O63: =IF(OR($J63="",$K63="",$G63=""),0,IF($K63<=$J63,IF(AND($J63>=DATE(2026,4,1),$J63<EDATE(DATE(2026,4,1),1),TODAY()>=$J63),$G63,0),MAX(0,MIN(IF(TODAY()>$K63,$K63,TODAY()),EDATE(DATE(2026,4,1),1))-MAX($J63,DATE(2026,4,1)))*$G63/($K63-$J63))) -> 2340 | P63: =IF(OR($J63="",$K63="",$G63=""),0,IF($K63<=$J63,IF(AND($J63>=DATE(2026,5,1),$J63<EDATE(DATE(2026,5,1),1),TODAY()>=$J63),$G63,0),MAX(0,MIN(IF(TODAY()>$K63,$K63,TODAY()),EDATE(DATE(2026,5,1),1))-MAX($J63,DATE(2026,5,1)))*$G63/($K63-$J63))) -> 360 | Q63: =IF(OR($J63="",$K63="",$G63=""),0,IF($K63<=$J63,IF(AND($J63>=DATE(2026,6,1),$J63<EDATE(DATE(2026,5,1),1),TODAY()>=$J63),$G63,0),MAX(0,MIN(IF(TODAY()>$K63,$K63,TODAY()),EDATE(DATE(2026,6,1),1))-MAX($J63,DATE(2026,6,1)))*$G63/($K63-$J63))) -> 0 | R63: =SUMIF(Tableau!$A:$A,$A63,Tableau!E:E) -> #N/A | S63: =SUMIF(Tableau!$A:$A,$A63,Tableau!F:F) -> #N/A | T63: =SUMIF(Tableau!$A:$A,$A63,Tableau!G:G) -> #N/A | U63: =SUMIF(Tableau!$A:$A,$A63,Tableau!H:H) -> #N/A | V63: =SUMIF(Tableau!$A:$A,$A63,Tableau!I:I) -> #N/A | W63: =SUMIF(Tableau!$A:$A,$A63,Tableau!J:J) -> #N/A | X63: =SUMIF(Tableau!$A:$A,$A63,Tableau!P:P) -> #N/A | Y63: =SUMIF(Tableau!$A:$A,$A63,Tableau!Q:Q) -> #N/A | Z63: =SUMIF(Tableau!$A:$A,$A63,Tableau!R:R) -> #N/A | AA63: =SUMIF(Tableau!$A:$A,$A63,Tableau!S:S) -> #N/A | AB63: =SUMIF(Tableau!$A:$A,$A63,Tableau!T:T) -> #N/A | AC63: =SUMIF(Tableau!$A:$A,$A63,Tableau!U:U) -> #N/A
A64: =Data2026!A69 -> fbpromowebteam | B64: =Data2026!B69 -> 46143 | C64: =Data2026!C69 -> Fixed | D64: =Data2026!D69 -> fbpromowebteam | E64: =Data2026!E69 -> Elene_Gh | F64: =Data2026!F69 -> 46143 | G64: =Data2026!G69 -> 879.82 | H64: =Data2026!H69 -> Finished | ... K64: =Data2026!K69 -> 46173 | L64: =IF(OR($J64="",$K64="",$G64=""),0,IF($K64<=$J64,IF(AND($J64>=DATE(2026,1,1),$J64<EDATE(DATE(2026,1,1),1),TODAY()>=$J64),$G64,0),MAX(0,MIN(IF(TODAY()>$K64,$K64,TODAY()),EDATE(DATE(2026,1,1),1))-MAX($J64,DATE(2026,1,1)))*$G64/($K64-$J64))) -> 0 | M64: =IF(OR($J64="",$K64="",$G64=""),0,IF($K64<=$J64,IF(AND($J64>=DATE(2026,2,1),$J64<EDATE(DATE(2026,2,1),1),TODAY()>=$J64),$G64,0),MAX(0,MIN(IF(TODAY()>$K64,$K64,TODAY()),EDATE(DATE(2026,2,1),1))-MAX($J64,DATE(2026,2,1)))*$G64/($K64-$J64))) -> 0 | N64: =IF(OR($J64="",$K64="",$G64=""),0,IF($K64<=$J64,IF(AND($J64>=DATE(2026,3,1),$J64<EDATE(DATE(2026,3,1),1),TODAY()>=$J64),$G64,0),MAX(0,MIN(IF(TODAY()>$K64,$K64,TODAY()),EDATE(DATE(2026,3,1),1))-MAX($J64,DATE(2026,3,1)))*$G64/($K64-$J64))) -> 0 | O64: =IF(OR($J64="",$K64="",$G64=""),0,IF($K64<=$J64,IF(AND($J64>=DATE(2026,4,1),$J64<EDATE(DATE(2026,4,1),1),TODAY()>=$J64),$G64,0),MAX(0,MIN(IF(TODAY()>$K64,$K64,TODAY()),EDATE(DATE(2026,4,1),1))-MAX($J64,DATE(2026,4,1)))*$G64/($K64-$J64))) -> 0 | P64: =IF(OR($J64="",$K64="",$G64=""),0,IF($K64<=$J64,IF(AND($J64>=DATE(2026,5,1),$J64<EDATE(DATE(2026,5,1),1),TODAY()>=$J64),$G64,0),MAX(0,MIN(IF(TODAY()>$K64,$K64,TODAY()),EDATE(DATE(2026,5,1),1))-MAX($J64,DATE(2026,5,1)))*$G64/($K64-$J64))) -> 879.82 | Q64: =IF(OR($J64="",$K64="",$G64=""),0,IF($K64<=$J64,IF(AND($J64>=DATE(2026,6,1),$J64<EDATE(DATE(2026,5,1),1),TODAY()>=$J64),$G64,0),MAX(0,MIN(IF(TODAY()>$K64,$K64,TODAY()),EDATE(DATE(2026,6,1),1))-MAX($J64,DATE(2026,6,1)))*$G64/($K64-$J64))) -> 0 | R64: =SUMIF(Tableau!$A:$A,$A64,Tableau!E:E) -> #N/A | S64: =SUMIF(Tableau!$A:$A,$A64,Tableau!F:F) -> #N/A | T64: =SUMIF(Tableau!$A:$A,$A64,Tableau!G:G) -> #N/A | U64: =SUMIF(Tableau!$A:$A,$A64,Tableau!H:H) -> #N/A | V64: =SUMIF(Tableau!$A:$A,$A64,Tableau!I:I) -> #N/A | W64: =SUMIF(Tableau!$A:$A,$A64,Tableau!J:J) -> #N/A | X64: =SUMIF(Tableau!$A:$A,$A64,Tableau!P:P) -> #N/A | Y64: =SUMIF(Tableau!$A:$A,$A64,Tableau!Q:Q) -> #N/A | Z64: =SUMIF(Tableau!$A:$A,$A64,Tableau!R:R) -> #N/A | AA64: =SUMIF(Tableau!$A:$A,$A64,Tableau!S:S) -> #N/A | AB64: =SUMIF(Tableau!$A:$A,$A64,Tableau!T:T) -> #N/A | AC64: =SUMIF(Tableau!$A:$A,$A64,Tableau!U:U) -> #N/A
A65: =#REF! -> #REF! | B65: =#REF! -> #REF! | C65: =#REF! -> #REF! | D65: =#REF! -> #REF! | E65: =#REF! -> #REF! | F65: =#REF! -> #REF! | G65: =#REF! -> #REF! | H65: =#REF! -> #REF! | ... K65: =#REF! -> #REF! | L65: =IF(OR($J65="",$K65="",$G65=""),0,IF($K65<=$J65,IF(AND($J65>=DATE(2026,1,1),$J65<EDATE(DATE(2026,1,1),1),TODAY()>=$J65),$G65,0),MAX(0,MIN(IF(TODAY()>$K65,$K65,TODAY()),EDATE(DATE(2026,1,1),1))-MAX($J65,DATE(2026,1,1)))*$G65/($K65-$J65))) -> #REF! | M65: =IF(OR($J65="",$K65="",$G65=""),0,IF($K65<=$J65,IF(AND($J65>=DATE(2026,2,1),$J65<EDATE(DATE(2026,2,1),1),TODAY()>=$J65),$G65,0),MAX(0,MIN(IF(TODAY()>$K65,$K65,TODAY()),EDATE(DATE(2026,2,1),1))-MAX($J65,DATE(2026,2,1)))*$G65/($K65-$J65))) -> #REF! | N65: =IF(OR($J65="",$K65="",$G65=""),0,IF($K65<=$J65,IF(AND($J65>=DATE(2026,3,1),$J65<EDATE(DATE(2026,3,1),1),TODAY()>=$J65),$G65,0),MAX(0,MIN(IF(TODAY()>$K65,$K65,TODAY()),EDATE(DATE(2026,3,1),1))-MAX($J65,DATE(2026,3,1)))*$G65/($K65-$J65))) -> #REF! | O65: =IF(OR($J65="",$K65="",$G65=""),0,IF($K65<=$J65,IF(AND($J65>=DATE(2026,4,1),$J65<EDATE(DATE(2026,4,1),1),TODAY()>=$J65),$G65,0),MAX(0,MIN(IF(TODAY()>$K65,$K65,TODAY()),EDATE(DATE(2026,4,1),1))-MAX($J65,DATE(2026,4,1)))*$G65/($K65-$J65))) -> #REF! | P65: =IF(OR($J65="",$K65="",$G65=""),0,IF($K65<=$J65,IF(AND($J65>=DATE(2026,5,1),$J65<EDATE(DATE(2026,5,1),1),TODAY()>=$J65),$G65,0),MAX(0,MIN(IF(TODAY()>$K65,$K65,TODAY()),EDATE(DATE(2026,5,1),1))-MAX($J65,DATE(2026,5,1)))*$G65/($K65-$J65))) -> #REF! | Q65: =IF(OR($J65="",$K65="",$G65=""),0,IF($K65<=$J65,IF(AND($J65>=DATE(2026,6,1),$J65<EDATE(DATE(2026,5,1),1),TODAY()>=$J65),$G65,0),MAX(0,MIN(IF(TODAY()>$K65,$K65,TODAY()),EDATE(DATE(2026,6,1),1))-MAX($J65,DATE(2026,6,1)))*$G65/($K65-$J65))) -> #REF! | R65: =SUMIF(Tableau!$A:$A,$A65,Tableau!E:E) -> #N/A | S65: =SUMIF(Tableau!$A:$A,$A65,Tableau!F:F) -> #N/A | T65: =SUMIF(Tableau!$A:$A,$A65,Tableau!G:G) -> #N/A | U65: =SUMIF(Tableau!$A:$A,$A65,Tableau!H:H) -> #N/A | V65: =SUMIF(Tableau!$A:$A,$A65,Tableau!I:I) -> #N/A | W65: =SUMIF(Tableau!$A:$A,$A65,Tableau!J:J) -> #N/A | X65: =SUMIF(Tableau!$A:$A,$A65,Tableau!P:P) -> #N/A | Y65: =SUMIF(Tableau!$A:$A,$A65,Tableau!Q:Q) -> #N/A | Z65: =SUMIF(Tableau!$A:$A,$A65,Tableau!R:R) -> #N/A | AA65: =SUMIF(Tableau!$A:$A,$A65,Tableau!S:S) -> #N/A | AB65: =SUMIF(Tableau!$A:$A,$A65,Tableau!T:T) -> #N/A | AC65: =SUMIF(Tableau!$A:$A,$A65,Tableau!U:U) -> #N/A
